Label,id,node
George E. Ohr|Biloxi Art Pottery,3,3
Edward Marshall Boehm,4,4
Edgar Walter,5,5
F Ziegler,6,6
Mary Abastenia St. Leger Eberle,7,7
Chester Beach,8,8
George Bellows,9,9
Joseph Maxwell Miller,10,10
Paul Dougherty,11,11
Eugene Speicher,12,12
Edward J. Steichen,13,13
Paul Manship,14,14
Jonas Lie,15,15
Mahonri Mackintosh Young,16,16
Maurice Sterne,17,17
Gerald Thayer,18,18
Rockwell Kent,19,19
Albert Laessle,20,20
Charles Shepard Chapman,21,21
Harry Dickinson Thrasher,22,22
Malvina Cornell Hoffman,23,23
Julio Kilenyi,24,24
Margaret Hoard,25,25
John Henry Bradley Storrs,26,26
Elie Nadelman,27,27
Josef Albers,28,28
Romare Bearden,29,29
Aristocrat Embroidery,30,30
Richard Hunt,31,31
Theodoros Stamos,32,32
Anni Albers,33,33
Edward Avedisian,34,34
Conrad Marca-Relli,35,35
Wilhelm Hunt Diederich,36,36
Fair-Tex Mills,37,37
Jasco Fabrics,38,38
Will and Eileen Richardson,39,39
Amicale Industries,40,40
Shamokin Woolen Mills,41,41
Balfour Mills,42,42
Saul Goldman|Borg Fabrics,43,43
Preston Dickinson,44,44
Hal Reed,45,45
Mark Rothko,46,46
Leon Polk Smith,47,47
Worden Day,48,48
Ward Lockwood,49,49
Man Ray,50,50
Peer Smed,51,51
Frank Stella,52,52
"Tom Allen, Jr.",53,53
Albert Christ-Janer,54,54
Calister Thomas,55,55
Beverly Nusom,56,56
Roger Baker,57,57
Peter Blume,58,58
Kenneth Callahan,59,59
Edward Melcarth,60,60
Van Day Truex,61,61
Leonid,62,62
Walter Stuempfig,63,63
Richard Diebenkorn,64,64
David Smith,65,65
Ellsworth Kelly,66,66
Herbert Gentry,67,67
William Baziotes,68,68
Moïse Kisling|Jacques Lipchitz,69,69
Philip Guston,70,70
Hale Woodruff,71,71
Ely Jacques Kahn,72,72
Thomas Sills,73,73
James Whitney Fosburgh,74,74
Dorothy Liebes,75,75
Steuben|Frederick Carder,76,76
Jack Lenor Larsen,77,77
Raymond Parker,78,78
Carlos Osorio,79,79
Barbara Chase-Riboud,80,80
Hobson Pittman,81,81
Friedel Dzubas,82,82
Louise Bourgeois,83,83
Esteban Vicente,84,84
Larry Poons,85,85
Gene Davis,86,86
Don Wight,87,87
Wendy Klein,88,88
Yoshiko Kogo,89,89
Countess Elsie Lee Gozzi|Fortuny,90,90
Michael Hurson,91,91
Gandy Brodie,92,92
Sally Hazelet Drummond,93,93
Christopher Wilmarth,94,94
Isamu Noguchi,95,95
Chunghi Choo,96,96
Sylvia Carewe,97,97
Ilya Bolotowsky,98,98
Guy Pène du Bois,99,99
Reginald Marsh,100,100
Jan Matulka,101,101
Edward Hopper,102,102
Charles Ephraim Burchfield,103,103
Charles Demuth,104,104
Ernest Fiene,105,105
Peggy Bacon,106,106
Pavel Tchelitchew,107,107
Dan Flavin,108,108
Jacques Lipchitz,109,109
Kenneth Noland,110,110
Dan Christensen,111,111
Ludwig Sander,112,112
Raoul Hague,113,113
Palmer Hayden,114,114
James Prestini,115,115
Theodore Hallman,116,116
Jack Whitten,117,117
Jules Olitski,118,118
Barnett Newman,119,119
James Brooks,120,120
Adolph Gottlieb,121,121
Willem de Kooning,122,122
Alex Katz,123,123
Milton Avery,124,124
Roland R. Correia,125,125
Gilbert M. Fletcher,126,126
Maxwell Hendler,127,127
Max Weber,128,128
Richard Hennessy,129,129
N.C. Wyeth,130,130
Hans Hofmann,131,131
Umberto Romano,132,132
Alexander Liberman,133,133
Karl Knaths,134,134
Anne Truitt,135,135
Richard Serra,136,136
Marcel Duchamp,137,137
Charles Picco,138,138
Oscar Bluemner,139,139
Santo Bufalo,140,140
Russel Wright,141,141
Andrew Wyeth,142,142
George A. Weymouth,143,143
Al Held,144,144
Fairfield Porter,145,145
Walter Darby Bannard,146,146
Morris Louis,147,147
Arthur B. Carles,148,148
Marguerite Zorach|William Zorach,149,149
Rockwood Pottery Co.,150,150
Ad Reinhardt,151,151
Arman,152,152
Gilbert Rohde,153,153
"Gilbert Rohde|The Herman Miller Furniture Company, Zeeland, MI",154,154
"Reimann|Chase Brass & Copper Company, Inc. (Waterbury, Connecticut)",155,155
Joseph Cornell,156,156
Alice Trumbull Mason,157,157
Russel Wright|Yamato China Co. Ltd.,158,158
Russel Wright|Paden City Pottery Company,159,159
Russel Wright|Paden City Glass,160,160
Russel Wright|Iroquois China Company,161,161
Russel Wright|Harker Pottery Company,162,162
Russel Wright|Steubenville Pottery Company,163,163
Russel Wright|J.A. Bauer Pottery Company,164,164
Russel Wright|Klise Wood Working Company,165,165
Russel Wright|Appleman Art Glass,166,166
Russel Wright|Morgantown Glassware Guild,167,167
Russel Wright|John Hull Cutlery Corp.,168,168
John McLaughlin,169,169
Dale Chihuly,170,170
Bob Thompson,171,171
D.B. Fuller & Co,172,172
Clyfford Still,173,173
Wendell Castle,174,174
Andy Warhol,175,175
Jules Pascin,176,176
Blythe Bohnen,177,177
Betty Blayton-Taylor,178,178
Norman Bluhm,179,179
Harvey K. Littleton,180,180
Chryssa,181,181
Dominick Labino,182,182
David Budd,183,183
Jon Carsman,184,184
John Canonico,185,185
Neil Welliver,186,186
Peter Agostini,187,187
Melvin Lindquist,188,188
Mark Lindquist,189,189
Red Grooms,190,190
Howardena Pindell,191,191
Nancy Graves,192,192
Jennifer Bartlett,193,193
Yvonne Jacquette,194,194
Nell Blaine,195,195
Joel Shapiro,196,196
Dorothy Ruddick,197,197
Anne Arnold,198,198
Jane Wilson,199,199
Jane Freilicher,200,200
Thomas Patti,201,201
John H. Hopkins,202,202
Richard Pousette-Dart,203,203
Ponte Vecchio of New York and Florence,204,204
Wayne Thiebaud,205,205
Richard Haas,206,206
Edwin Dickinson,207,207
Roy Lichtenstein,208,208
Larry Rivers,209,209
Alan Shields,210,210
Philip Pearlstein,211,211
James Denmark,212,212
Alfonso Ossorio,213,213
John Day,214,214
Brice Marden,215,215
Peter Müller-Munk,216,216
Paul Resika,217,217
Maurice Berezov,218,218
Fritz Bultman,219,219
Lillian Kiesler,220,220
Lee Krasner,221,221
Perle Fine,222,222
William Freed,223,223
Lila Katzen,224,224
John Grillo,225,225
Peter Busa,226,226
Wolf Kahn,227,227
Robert Goodnough,228,228
Nicholas Krushenick,229,229
John Haley,230,230
Lillian Orlowsky,231,231
Cameron Booth,232,232
Dorothy Heller,233,233
Nieves Marshaleck Billmyer,234,234
Leatrice Rose,235,235
Erle Loran,236,236
George McNeil,237,237
Seong Moy,238,238
Quentin Fiore,239,239
Joseph Urban,240,240
"Walter von Nessen|Nessen Studio, Inc.",241,241
"Gilbert Rohde|The Troy Sunshade Company (Troy, Ohio)",242,242
George Sakier|Fostoria Glass Company,243,243
Juan Hamilton,244,244
Joseph Hirsch,245,245
Larry Zox,246,246
Jasper Johns,247,247
Robert Kulicke,248,248
Willard Boepple,249,249
Clifford Ross,250,250
Robert Beauchamp,251,251
Virginia Admiral,252,252
Richard Stankiewicz,253,253
Stephen Pace,254,254
Lillian Abrams,255,255
Harry Brown,256,256
Judith Rothschild,257,257
Jerome Burns,258,258
Basil Cimino,259,259
Tania Milicevic,260,260
William Crozier,261,261
Hans Hokanson,262,262
Phillip Pavia,263,263
Charles Cajori,264,264
Richard Yarde,265,265
Mark di Suvero,266,266
"Corbett, Harrison & MacMurray|Hood & Fouilhoux|Reinhard & Hofmeister|W. S. Tyler Cab Co.|Mr. and Mrs. S.E. Barnette",267,267
Gertrude Glass Greene,268,268
Kay Hillman,269,269
Zita Querido,270,270
Antoinette Laselle,271,271
Fay Lansner,272,272
Morris Graves,273,273
John Button,274,274
I. J. Belmont,275,275
Sydney Butchkes,276,276
Dorothy Dehner,277,277
Michael Heizer,278,278
Maurice Heaton,279,279
E. Byrne Livingston,280,280
Jay S. Willis,281,281
Ernest Trova,282,282
Sam Gilliam,283,283
Ilonka Karasz|Paye & Baker Mfg. Co.,284,284
Jules Bouy,285,285
William Zorach,286,286
Marguerite Zorach,287,287
Peggy Huck,288,288
Thomas Lanigan-Schmidt,289,289
Rafael Ferrer,290,290
Walter Dusenbery,291,291
Charles Eames|Ray Eames,292,292
Glenn Wessels,293,293
Marilyn Davidson,294,294
Michael Jerry,295,295
Frederick J. Brown,296,296
Wharton Esherick,297,297
Charles Baskerville,298,298
Ray Eames,299,299
Gerome Kamrowski,300,300
Giorgio Cavallon,301,301
Dan Dailey,302,302
George Sugarman,303,303
Charles Seliger,304,304
Lee Gatch,305,305
Raphael Soyer,306,306
Robert Gruen,307,307
"Robert Gruen|Sweden House, Inc.",308,308
Robert Gruen|Parker Pen Company,309,309
Jim Dine,310,310
Audrey Flack,311,311
"Van Day Truex|Baccarat, France",312,312
Peter Reginato,313,313
Jo Anne Schneider,314,314
Donald Deskey|Ypsilanti Reed Furniture Company,315,315
Robert De Niro,316,316
Henry Varnum Poor,317,317
Michael Vivo,318,318
"John E. Dowell, Jr.",319,319
Janet Fish,320,320
Bruce Boice,321,321
Mary Ann Scherr,322,322
Jess,323,323
Jon Kuhn,324,324
Walt Kuhn,325,325
Maurice Golubov,326,326
Anthony de Francisci,327,327
Jerome Witkin,328,328
Abraham Rattner,329,329
Mary Callery,330,330
Charles Biederman,331,331
Eero Saarinen|Knoll,332,332
Malcolm Morley,333,333
Charmion von Wiegand,334,334
Reuben Nakian,335,335
William King,336,336
Milton Resnick,337,337
Alice Baber,338,338
Cy Twombly,339,339
Sonia Gechtoff,340,340
William Gropper,341,341
Robert Ebendorf|David-Andersen,342,342
Robert Ebendorf,343,343
"The Company of Master Craftsmen, for W. & J. Sloane|Unknown Designer",344,344
Gwenn Thomas,345,345
Maryam Zafar,346,346
Warren Brandt,347,347
Ludwig Mies van der Rohe,348,348
McArthur Binion,349,349
Dennis Ashbaugh,350,350
Claudia Helene Jemmott,351,351
Michael Glancy,352,352
William Harper,353,353
Joan Witek,354,354
William Wyman,355,355
Kjels Juul-Hansen,356,356
Kjels Juul-Hansen|Astro Dye Works,357,357
"Donald Deskey|Lesher, Whitman and Company",358,358
Charles Sarka,359,359
Abraham Walkowitz,360,360
Bernard Pfriem,361,361
Tony Smith,362,362
Will Barnet,363,363
Wayne Higby,364,364
Sidney Goodman,365,365
Al Loving,366,366
Malcolm Bailey,367,367
William Clutz,368,368
Joyce Kozloff,369,369
John Ferren,370,370
Joyce Treiman,371,371
John Clem Clarke,372,372
Ed Baynard,373,373
Chaim Gross,374,374
Moses Soyer,375,375
Patricia Johanson,376,376
Richard Anuszkiewicz,377,377
Walter Dorwin Teague|Edwin W. Fuerst|Libbey Glass Company,378,378
Walter Dorwin Teague|Edwin W. Fuerst,379,379
Libbey Glass Company|Edwin W. Fuerst,380,380
Don Bachardy,381,381
John Lonergan,382,382
John Little,383,383
Norman Rockwell,384,384
Judith Godwin,385,385
George Segal,386,386
"Charles Eames|Ray Eames|The Herman Miller Furniture Company, Zeeland, MI",387,387
Robert Arneson,388,388
Mark Tobey,389,389
Giles Gilson,390,390
Roger Essley,391,391
Paul Rotterdam,392,392
Frances Barth,393,393
Leon Kelly,394,394
Georgia O'Keeffe,395,395
Joan Snyder,396,396
Steven Weinberg,397,397
William Carlson,398,398
Akiko Kotani,399,399
Howard Ben Tré,400,400
Nancy Hemenway,401,401
Doug Ohlson,402,402
Nancy Giesmann,403,403
Albert Paley,404,404
Cynthia Schira,405,405
Helen Frankenthaler,406,406
Mervin Honig,407,407
Glen Lukens,408,408
Burgoyne Diller,409,409
Samuel Halpert,410,410
Bill Jensen,411,411
Luise Kaish,412,412
Craig Langager,413,413
Marilyn Holsing,414,414
Stuart Davis,415,415
Alice Neel,416,416
Margo Hoff,417,417
Edda Renouf,418,418
Frederick Hurten Rhead|Homer Laughlin China Company,419,419
Frederick Hurten Rhead,420,420
Homer Laughlin China Company|Frederick Hurten Rhead,421,421
"Walter Dorwin Teague|Taylor, Smith, & Taylor",422,422
The Hall China Company|J. Palin Thorley,423,423
Alfred Leslie,424,424
Morris Shulman,425,425
Helen Torr,426,426
Jo Davidson,427,427
Robert Smithson,428,428
Hananiah Harari,429,429
Werner Drewes,430,430
John Sennhauser,431,431
Harry Bowden,432,432
Dwinell Grant,433,433
Sylvia Carewe|Manufacture Royale Braquenie d'Aubusson de Felletin et de Maillines,434,434
James Rosenquist,435,435
Francoise Grossen,436,436
Lois Mailou Jones,437,437
Ed Moulthrop,438,438
William Tucker,439,439
Beverly Buchanan,440,440
David Burliuk,441,441
Grace Hartigan,442,442
Robert Swain,443,443
Richard Posner,444,444
Donald Deskey,445,445
Sanford Wurmfeld,446,446
Karl Schrag,447,447
Jackson Pollock,448,448
Yasuo Kuniyoshi,449,449
Matsumi Kanemitsu,450,450
C. K. Chatterton,451,451
Robert Colescott,452,452
Theodore Roszak,453,453
Larry Mohr,454,454
Eliel Saarinen,455,455
Sol LeWitt,456,456
David R. Huchthausen,457,457
Rex Lau,458,458
Garrick Dolberg,459,459
Charles Duncan,460,460
Stephen Rueckert,461,461
Paul T. Frankl,462,462
"Donald Deskey|Deskey-Vollmer, Inc.",463,463
Ron Kent,464,464
Tom Butter,465,465
Mark Tansey,466,466
John Adams Griefen,467,467
Michael Todd,468,468
Anita Weschler,469,469
Irving Petlin,470,470
David Levine,471,471
Mary Frank,472,472
Susan Barron,473,473
Michael Graves|Maloof Architectural Models Inc.,474,474
Ronnie Elliott,475,475
Stephen Edlich,476,476
R.B. Kitaj,477,477
Lyonel Charles Feininger,478,478
Walasse Ting,479,479
Gregory Gillespie,480,480
Horace Pippin,481,481
Billy Sullivan,482,482
Michael David,483,483
Arshile Gorky,484,484
Mark Baum,485,485
Randy Dudley,486,486
Douglas Bond,487,487
John Moore,488,488
Louisa Chase,489,489
Glenn Coleman,490,490
George Ault,491,491
Boris Blai,492,492
"Ilonka Karasz|Buffalo Pottery (Buffalo, New York)",493,493
"Ilonka Karasz|Buffalo China (Buffalo, New York)",494,494
James McGarrell,495,495
Marjorie Portnow,496,496
Dennis Evans,497,497
Robert Laurent,498,498
Frederick Kiesler,499,499
Judson Smith,500,500
Paul Trebilcock,501,501
Gladys Rockmore Davis,502,502
Leo Lionni,503,503
Lenore Tawney,504,504
Ilonka Karasz|Ginzkey,505,505
Ilonka Karasz,506,506
Alexander Archipenko,507,507
Jeanne Duval,508,508
Mark Innerst,509,509
Leonard Koscianski,510,510
Martin Puryear,511,511
Charles Garabedian,512,512
Sharron Quasius,513,513
Narcissus Quagliata,514,514
Robert Natkin,515,515
Margaret Craver,516,516
Marcel Breuer,517,517
Donald Lipski,518,518
Rigoberto Torres,519,519
Gabor F. Peterdi,520,520
Tom Lieber,521,521
John Ahearn,522,522
Elmer Bischoff,523,523
Frank Gehry,524,524
Leon Kroll,525,525
David Park,526,526
Lizbeth Mitty,527,527
Greg Constantine,528,528
Timothy Woodman,529,529
Ciel Bergman,530,530
Craig Henry,531,531
Patrick Palmer,532,532
Irene Rice Pereira,533,533
Biron Valier,534,534
Gerald Walburg,535,535
Lynn Bostick,536,536
"Paul A. Lobel|International Silver Co., Wilcox Silver Plate Co. Division (Meriden, Connecticut)",537,537
Roberta Allen,538,538
Alice Aycock,539,539
Agnes Denes,540,540
Jackie Ferrara,541,541
Ana Mendieta,542,542
Beverly Pepper,543,543
James Havard,544,544
Marsden Hartley,545,545
Hannah Wilke,546,546
Lester Johnson,547,547
Fritz Glarner,548,548
Dorothy Grotz,549,549
Chuck Forsman,550,550
Philip Tsiaras,551,551
Jonathan Weinberg,552,552
David Wojnarowicz,553,553
Michael Lucero,554,554
David Saunders,555,555
Gayil Nalls,556,556
Father Dennis Leder,557,557
Warren Rohrer,558,558
Milet Andrejevic,559,559
Sigrid Burton,560,560
Charles Ginnever,561,561
Ronnie Landfield,562,562
John Heliker,563,563
Audrey Sheldon,564,564
Ralph Mayer,565,565
Roger Brown,566,566
Bryan Hunt,567,567
Joel Philip Myers,568,568
Janet Sawyer,569,569
Martin Wong,570,570
Tod Wizon,571,571
Matt Mullican,572,572
David Bates,573,573
Duncan Hannah,574,574
James Brown,575,575
Ira Sapir,576,576
Dennis Smith,577,577
Isabel Giampietro Knoll|Royal Leerdam Glass,578,578
Seymour Lipton,579,579
Edgar Stoëbel,580,580
James G. Davis,581,581
Dennis Oppenheim,582,582
Walter Hatke,583,583
"Simmons Furniture Company, Chicago, Illinois|Norman Bel Geddes",584,584
"Ray Eames|Charles Eames|Schiffer Prints Division, Mil-Art Co., Inc.",585,585
Dona Nelson,586,586
Mark Wethli,587,587
Emil Bisttram,588,588
Byron Browne,589,589
Elsie Driggs,590,590
John Opper,591,591
Ralph Rosenborg,592,592
Eugene Schoen,593,593
Norman Bluhm|Frank O'Hara,594,594
James Biederman,595,595
George W. Staempfli,596,596
Ed Garman,597,597
Matthew Daub,598,598
Robert Helm,599,599
Nicholas Africano,600,600
Joseph Piccillo,601,601
Gerald Immonen,602,602
David Schofield,603,603
TODT,604,604
Han-Lien Wu,605,605
Scott Richter,606,606
Luis Jiménez,607,607
Richard Rudich,608,608
Joseph Raffael,609,609
Raymond Loewy|Richard Latham|Rosenthal,610,610
Adam Cvijanovic,611,611
Raymond Saunders,612,612
e. e. cummings,613,613
Adolf Dehn,614,614
Duncan Ferguson,615,615
John Bernard Flannagan,616,616
Robert Hallowell,617,617
Gaston Lachaise,618,618
Dudley Mygatt,619,619
John Marin,620,620
Edward Nagle,621,621
Carl Sprinchorn,622,622
Clement Wilenchick,623,623
Djuna Barnes,624,624
Emile Branchard,625,625
James Ormsbee Chapin,626,626
Agnes Martin,627,627
Hunt Slonem,628,628
Gary Jacobson,629,629
Benjamin Baldwin,630,630
Gretchen Bellinger|Gretchen Bellinger,631,631
John Stuart Ingle,632,632
Jeanette Pasin Sloan,633,633
George Nick,634,634
Rick Grafton,635,635
Charles Eames|Eero Saarinen,636,636
Dan Cooper,637,637
Arthur Dove,638,638
Richard Artschwager,639,639
Harry Bertoia|Knoll,640,640
"Charles Pollock|The Herman Miller Furniture Company, Zeeland, MI",641,641
Stehli Silks Corporation|Stehli Silks Corporation,642,642
Katharine Sturges,643,643
Stehli Silks Corporation,644,644
Clayton Knight|Stehli Silks Corporation,645,645
Kadel & Herbert Commercial Department|Stehli Silks Corporation,646,646
Clayton Knight,647,647
The New York Times,648,648
Jhane Barnes|Knoll,649,649
Nob+Non,650,650
Nob+Non|Knoll,651,651
Joe Zucker,652,652
Franz Kline,653,653
Charles Eames,654,654
Beatrice Wood,655,655
George Nelson,656,656
Wade Saunders,657,657
Kaiden-Kazanjian Studios|Eugene Schoen,658,658
Alexander Calder|Laverne Originals,659,659
Robert Venturi,660,660
"Florence Knoll Bassett|V'Soske, Inc.",661,661
Gregory Amenoff,662,662
Rackstraw Downes,663,663
David True,664,664
John Monti,665,665
Carolyn Brady,666,666
Tomas Vroman,667,667
Hans Moller,668,668
Howard Low,669,669
Robert Venturi|Knoll,670,670
"Abel Sorenson|Schiffer Prints Division, Mil-Art Co., Inc.",671,671
"George Nelson|Schiffer Prints Division, Mil-Art Co., Inc.",672,672
Marcel Breuer|Gebrüder Thonet GmbH,673,673
Joseph Santore,674,674
John McNamara,675,675
Jeff Gompertz,676,676
Phoebe Adams,677,677
Blanche Lazzell,678,678
Christopher Hewat,679,679
April Gornik,680,680
"Norman Bel Geddes|Simmons Furniture Company, Chicago, Illinois",681,681
"V'Soske, Inc.|Michael Graves",682,682
Edward Ruscha,683,683
Anne Ryan,684,684
Joseph Floch,685,685
Mel Kendrick,686,686
John Duff,687,687
Kay Kurt,688,688
Richard Meier|Swid Powell,689,689
Gwathmey Siegel|Swid Powell,690,690
Stanley Tigerman|Swid Powell,691,691
Robert A. M. Stern|Swid Powell,692,692
Robert Venturi|Swid Powell,693,693
Peter Solow,694,694
Alfred Levitt,695,695
Joe Baker,696,696
James Valerio,697,697
Thomas Nozkowski,698,698
David Humphrey,699,699
Sean Scully,700,700
David Campbell,701,701
David Kapp,702,702
George Peck,703,703
Betty Woodman,704,704
Suzy Frelinghuysen,705,705
Esphyr Slobodkina,706,706
Luis Cruz Azaceta,707,707
Eva Lisa (Pipsan) Saarinen Swanson|Tiffin Glass Company,708,708
Louise Nevelson,709,709
Mia Westerlund Roosen,710,710
Cynthia Carlson,711,711
Robert Jessup,712,712
Donald Judd,713,713
José de Rivera,714,714
Robert Gruen|Unknown Manufacturer,715,715
George L.K. Morris,716,716
Charles Sheeler,717,717
Albert Eugene Gallatin,718,718
Arakawa,719,719
Alvin Lustig,720,720
Ed Rossbach,721,721
Sam Messer,722,722
Marianne Strengell,723,723
Marianne Strengell|Knoll Textiles,724,724
Eugene Brodsky,725,725
Joel Janowitz,726,726
Ralph Hamilton,727,727
Deborah Butterfield,728,728
Mary Ann Currier,729,729
Gregory Paquette,730,730
Kem Weber|Grand Rapids Chair Company,731,731
Gertrud Natzler|Otto Natzler,732,732
Jules Kirschenbaum,733,733
Lee Jaffe,734,734
Clyde Connell,735,735
Carole Seborovski,736,736
Juan Gonzalez,737,737
Ruth Reeves|Karagheusian,738,738
Ruth Kao Lee,739,739
William L. Haney,740,740
Stone Roberts,741,741
Eliel Saarinen|Eero Saarinen,742,742
Jean A. Mann,743,743
Robert Motherwell,744,744
Kurt Seligmann,745,745
Jane Dickson,746,746
John Hull,747,747
Elaine Lustig Cohen,748,748
Glenn Goldberg,749,749
Richard Tuttle,750,750
Alison Saar,751,751
Hermine Ford,752,752
Peter Fletcher,753,753
Ron Janowich,754,754
Barry Ledoux,755,755
Cheryl Laemmle,756,756
Bernard Sanders,757,757
Bernard Karfiol,758,758
Edward Laning,759,759
Ed Rainey,760,760
Jim Waid,761,761
Harmony Hammond,762,762
Sheila Hicks|Atelier Philippe Hecquet Aubusson,763,763
Melissa Meyer,764,764
Tamara de Lempicka,765,765
Lucas Samaras,766,766
László Moholy-Nagy,767,767
Frank Gallo,768,768
Cyril David,769,769
Tom Fellner,770,770
Royce Howes,771,771
Louise Fishman,772,772
Laverne Originals|Estelle Laverne,773,773
Harry Jackson,774,774
Paul Stankard,775,775
Louise (Loja) Gesellius Saarinen,776,776
Nob+Non|Knoll Textiles,777,777
"Reuben Haley|Consolidated Lamp and Glass Company, Art Glassware Division, Coraopolis, PA",778,778
Toshiko Takaezu,779,779
Kem Weber|Lawson Time Inc.,780,780
Ethel Stein,781,781
Michael Higgins,782,782
Marisol,783,783
Catherine Murphy,784,784
Karen Karnes,785,785
Charles Eames|Ray Eames|Evans Products Company,786,786
Joel Perlman,787,787
Donald Sultan,788,788
Kevin Larmon,789,789
Scot Borofsky,790,790
Marie Zimmermann,791,791
Sheila Hicks,792,792
Robert Greene,793,793
Saul Baizerman,794,794
Varujan Boghosian,795,795
Ross Littell|William Katavolos|Douglas Kelley,796,796
Frederick Brosen,797,797
Wanda Gag,798,798
Arnold Friedman,799,799
Alan Sonfist,800,800
Douglas Hoagg,801,801
Michael Zwack,802,802
Wesley Kimler,803,803
Max Coyer,804,804
Robert Mangold,805,805
Ephraim Rubenstein,806,806
John Beerman,807,807
Roberto Juarez,808,808
Philip Grausman,809,809
Chuck Close,810,810
Steve Hawley,811,811
"David Hockney|Tyler Graphics, Ltd.",812,812
David Reed,813,813
James Rosen,814,814
Frank Gehry|Easy Edges Inc.,815,815
Arturo Rodriguez,816,816
Jack Beal,817,817
SunarHauserman|Michael Graves,818,818
Ethel Schwabacher,819,819
Claire Zeisler,820,820
Elenhank Designers Inc.|Eleanor McMaster|Henry C. Kluck II,821,821
Florence Knoll Bassett|Knoll,822,822
Robert Guinan,823,823
Ben-Zion,824,824
Rudolf Ray,825,825
Howard Cook,826,826
Honoré Sharrer,827,827
Noemi Raymond|Knoll,828,828
Rudulph Evans,829,829
H.C. Westermann,830,830
Abraham Rattner|Itche Mambush Workshop,831,831
Samuel Abraham Marx,832,832
"Samuel Abraham Marx|William J. Quigley, Inc.",833,833
Edgar Miller|Cecile E. Coverley,834,834
"Donald Deskey|Royal Metal Manufacturing Company, Chicago, Illinois",835,835
Elsa Rady,836,836
Ruth Reeves,837,837
Charles Arnoldi,838,838
Edward McKnight Kauffer,839,839
Ida Applebroog,840,840
"Thomas S. Buechner, III",841,841
Jonathan Janson,842,842
Saul Steinberg,843,843
Paul Manes,844,844
Steve Currie,845,845
Eda Mirsky Mann,846,846
Katherine Bowling,847,847
Neil Jenney,848,848
Robert Venturi|Formica Corporation,849,849
Sam Maloof,850,850
Michael Graves,851,851
V. Lorenzo Porcelli|Dansk International Designs Ltd.,852,852
Domenic Cretara,853,853
Jaime Suárez,854,854
C.B. Blake|Karl Danielson|Tiffany & Co.,855,855
Susan Laufer,856,856
Kent Bellows,857,857
Jim Sullivan,858,858
Peter Waite,859,859
Max Miller,860,860
Sabina Ott,861,861
Alfred Maurer,862,862
Angelo Ippolito,863,863
James Romberger,864,864
Lydia Dona,865,865
Donald Shambroom,866,866
Ursula von Rydingsvard,867,867
Robin Winters,868,868
Massimo Vignelli|Lella Vignelli|Casigliani s.r.l.,869,869
Susan Crile,870,870
David Krueger,871,871
Peter Saul,872,872
Nancy Fried,873,873
Herb Aach,874,874
Virginia Jaramillo,875,875
Pat Lasch,876,876
Lia Cook,877,877
Massimo Vignelli|Venini S.p.a.,878,878
Massimo Vignelli|Lella Vignelli|Venini S.p.a.,879,879
Rose Cabat,880,880
Troy Brauntuch,881,881
Julian Schnabel,882,882
Nancy Grossman,883,883
Elizabeth Murray,884,884
Richard Lindner,885,885
George Constant,886,886
Edwin Schlossberg,887,887
Julian Levi,888,888
Dorothy Eisner,889,889
Andrew Spence,890,890
Robert Bordo,891,891
Randall Deihl,892,892
Timothy Lowly,893,893
Jill Levine,894,894
Altoon Sultan,895,895
Howard Kanovitz,896,896
Robert Bechtle,897,897
Juan Sanchez,898,898
George Dudding,899,899
Katherine Porter,900,900
Helen Miranda Wilson,901,901
Ronald Bladen,902,902
Costantino Nivola,903,903
D. J. Hall,904,904
Susan Holcomb,905,905
Ray Smith,906,906
John Newman,907,907
Joan Mitchell,908,908
"Revere Copper and Brass Company, Rome, NY|Peter Müller-Munk",909,909
Steubenville Pottery Company|Russel Wright,910,910
Gary Stephan,911,911
Mark Greenwold,912,912
Lella Vignelli|Massimo Vignelli|Heller Incorporated,913,913
Lella Vignelli|Massimo Vignelli,914,914
Aaron Fink,915,915
Benny Andrews,916,916
Waylande Gregory,917,917
Judy Ledgerwood,918,918
Salle Werner Vaughn,919,919
John Koch,920,920
Horace Brodzky|Alfred J. Frueh,921,921
Rupert Deese,922,922
Concetta Mason,923,923
Hugo Robus,924,924
Sally M. Avery,925,925
Lawrence Edward Kupferman,926,926
Faith Ringgold,927,927
Frank Rebajes,928,928
Frederick Serger,929,929
Lella Vignelli|Massimo Vignelli|San Lorenzo,930,930
Carol Hepper,931,931
James DeWoody,932,932
William Dunlap,933,933
"George Ranalli|Environments Plus, Inc.",934,934
Joe Andoe,935,935
Sandra Fisher,936,936
"Isamu Noguchi|Ozeki & Co., Ltd.",937,937
Charles Shaw,938,938
Robert Cumming,939,939
Vincent Desiderio,940,940
Ford Crull,941,941
Paul Burlin,942,942
Liliana Porter,943,943
Adán Hernández,944,944
Susan Davidoff,945,945
Bob Stocksdale,946,946
Merrill Mahaffey,947,947
Richard Maury,948,948
Idelle Weber,949,949
Amy Weiskopf,950,950
Houghton Cranford Smith,951,951
Eva Zeisel|Castleton China,952,952
Michael Tracy,953,953
Loren MacIver,954,954
Melvin Edwards,955,955
Louis Bouché,956,956
Donald Holden,957,957
Claude Marks,958,958
Viola Frey,959,959
Jacob Glushakow,960,960
Red Grooms|Lysiane Luong,961,961
William T. Wiley,962,962
Eugenie Baizerman,963,963
Harry Kramer,964,964
Arnold Mesches,965,965
Philip Evergood,966,966
Christo,967,967
Jerome Carlin,968,968
Ralston Crawford,969,969
William Spratling|Spratling,970,970
Scott Rothstein,971,971
James Cole,972,972
Terence Main,973,973
Terence Main|Laura Johnson|Tom Nicholson|Eric Chan|Main + Main,974,974
Howard Meister,975,975
Komar & Melamid|Alexander Melamid|Vitaly Komar,976,976
Norman Wilfred Lewis,977,977
Haim Steinbach,978,978
John R. Fudge,979,979
Misha Reznikoff,980,980
Robert Wilson,981,981
Mary Beth McKenzie,982,982
John Dubrow,983,983
Willie Birch,984,984
James D. Butler,985,985
Alexander Brook,986,986
John Horn,987,987
Mary Merkel-Hess,988,988
Brother Thomas,989,989
"The Herman Miller Furniture Company, Zeeland, MI|Charles Eames|Ray Eames",990,990
Andor Weininger,991,991
Elaine de Kooning,992,992
Elsa Freund,993,993
Michael Lacktman,994,994
Evelyn Svec Ward,995,995
Joshua Neustein,996,996
Richard Yelle,997,997
Richard Meier,998,998
Beauford Delaney,999,999
Stephen Hannock,1000,1000
Martha Alf,1001,1001
Susan Rothenberg,1002,1002
Joseph Delaney,1003,1003
G. Daniel Massad,1004,1004
Jean-Michel Basquiat,1005,1005
O. Louis Guglielmi,1006,1006
Morison S. Cousins,1007,1007
Morison S. Cousins|Tupperware Worldwide,1008,1008
Rick Horton,1009,1009
Don Nice,1010,1010
Jack Tworkov,1011,1011
Douglas Safranek,1012,1012
Caio Fonseca,1013,1013
Anthony Viti,1014,1014
Miriam Beerman,1015,1015
William Anthony,1016,1016
Steve Wood,1017,1017
Mary Zeran,1018,1018
David Salle,1019,1019
Knoll|Harry Bertoia,1020,1020
Kay WalkingStick,1021,1021
Miriam Schapiro,1022,1022
Richmond Burton,1023,1023
Reginald Pollack,1024,1024
Lois Bartlett Tracy,1025,1025
Lois Lane,1026,1026
Raymond Loewy|Doubinski Frères,1027,1027
Leland Bell,1028,1028
Leonid Lamm,1029,1029
George Rickey,1030,1030
Paul Cadmus,1031,1031
R.B. Kitaj|Aldo Crommelynck,1032,1032
Elizabeth Layton,1033,1033
Adrian Piper,1034,1034
Fletcher Benton|Artist Editions Limited,1035,1035
David Klamen,1036,1036
Susan Hauptman,1037,1037
Terry Adkins,1038,1038
Jene Highstein,1039,1039
Hughie Lee-Smith,1040,1040
William Morris,1041,1041
John Lewis,1042,1042
Stephen Greene,1043,1043
Herbert Ferber,1044,1044
Lorna Simpson,1045,1045
Ginny Ruffner,1046,1046
Toots Zynsky,1047,1047
Eva Zeisel|Red Wing Pottery,1048,1048
Red Wing Pottery|Eva Zeisel,1049,1049
Luigi Lucioni,1050,1050
Robert Harms,1051,1051
Niles Spencer,1052,1052
Wilbur Niewald,1053,1053
Rockwell Kent|Bloomcraft Inc.,1054,1054
Bloomcraft Inc.|Rockwell Kent,1055,1055
Ross Bleckner,1056,1056
Kiki Smith,1057,1057
Mike Kelley,1058,1058
Simon Leung,1059,1059
June Schwarcz,1060,1060
Eva Zeisel|Schramberg Majolica Factory,1061,1061
Molly Nye Tobey,1062,1062
Judith Shea,1063,1063
Kenzo Okada,1064,1064
Robert Gober,1065,1065
Ben Shahn,1066,1066
Warren MacKenzie,1067,1067
Sidney Hutter,1068,1068
Samuel J. Herman,1069,1069
Marty J. Kalb,1070,1070
Allyson Strafella,1071,1071
Isabel Bishop,1072,1072
William Henry Johnson,1073,1073
Marthe Keller,1074,1074
Lucia Autorino Salemme,1075,1075
Martin Kline,1076,1076
Jill Moser,1077,1077
Mark Podwal,1078,1078
Richard Marquis,1079,1079
Thomas Hart Benton|Associated American Artists,1080,1080
Marvin Lipofsky,1081,1081
Carroll Dunham,1082,1082
Howard Kottler,1083,1083
Joseph Stella,1084,1084
Mario Bencomo,1085,1085
Pinton S.A.|Romare Bearden,1086,1086
Ibram Lassaw,1087,1087
"Donald Sultan|Tyler Graphics, Ltd.",1088,1088
Whitfield Lovell,1089,1089
Lawrence H. Lebduska,1090,1090
Lynne Yamamoto|Exit Art/The First World,1091,1091
Judy Pfaff|Exit Art/The First World,1092,1092
David Scher|Exit Art/The First World,1093,1093
Janine Antoni|Exit Art/The First World,1094,1094
Ida Applebroog|Exit Art/The First World,1095,1095
Daniella Dooling|Exit Art/The First World,1096,1096
Jane Hammond|Exit Art/The First World,1097,1097
Kim Jones|Exit Art/The First World,1098,1098
Frank Moore|Exit Art/The First World,1099,1099
Tom Otterness|Exit Art/The First World,1100,1100
Earl Cunningham,1101,1101
Mimi Gross,1102,1102
Frank Gehry|Knoll,1103,1103
Mel Bochner,1104,1104
Ken Price|Charles Bukowski|Black Sparrow Graphic Arts,1105,1105
Robert Therrien|Edition Jacob Samuel,1106,1106
Tom Levine,1107,1107
Marianna Leporsky,1108,1108
Glen Hansen,1109,1109
Betye Saar,1110,1110
Joe Brainard,1111,1111
Ron Nagle,1112,1112
Adrian Saxe,1113,1113
Richard DeVore,1114,1114
John Steuart Curry,1115,1115
Kay Sekimachi,1116,1116
Patti Lechman,1117,1117
David Ellsworth,1118,1118
Rudolf Staffel,1119,1119
David Rowland,1120,1120
Morison S. Cousins|Venini S.p.a.,1121,1121
Robert Blackburn Printmaking Workshop|Hale Woodruff,1122,1122
Terry Winters,1123,1123
Jake Berthot,1124,1124
Henry Pearson,1125,1125
Mark Sheinkman,1126,1126
David Regan,1127,1127
Jay Musler,1128,1128
Steven Montgomery,1129,1129
William Daley,1130,1130
Ruth Duckworth,1131,1131
Anne Currier,1132,1132
Marc Leuthold,1133,1133
Flora Book,1134,1134
Abby Leigh,1135,1135
"Terry Winters|Ilene Kurtz Editions|Studio Aldo Crommelynck, Paris",1136,1136
"Ilene Kurtz Editions|Terry Winters|Studio Aldo Crommelynck, Paris",1137,1137
"Terry Winters|Studio Aldo Crommelynck, Paris|Ilene Kurtz Editions",1138,1138
Larry Day,1139,1139
Terry Winters|Peter Blum Editions,1140,1140
Peter Blum Editions|Terry Winters,1141,1141
Kiyomi Iwata,1142,1142
Candace Kling,1143,1143
Cindy Hickok,1144,1144
Coy Howard,1145,1145
Dona Look,1146,1146
Richard Notkin,1147,1147
Rudy Autio,1148,1148
Knoll|Eero Saarinen,1149,1149
"Lurelle Guild|Aluminum Company of America, Wear-Ever Aluminum Company Inc. Division (New Kensington, PA)",1150,1150
"Consolidated Lamp and Glass Company, Art Glassware Division, Coraopolis, PA|Reuben Haley",1151,1151
"William Lescaze|Revere Copper and Brass Company, Rome, NY",1152,1152
"John R. Morgan|Sears, Roebuck and Company",1153,1153
"George Sakier|American Radiator and Standard Sanitary Corporation., Standard Sanitary Manufacturing Company Division (Pittsburgh, Pennsylvania)",1154,1154
"Walter Dorwin Teague|Sparton Corporation (Jackson, Michigan)",1155,1155
"Silks Beau Monde, Marshall Field & Company|Walter Dorwin Teague",1156,1156
Edwin W. Fuerst|Libbey Glass Company,1157,1157
"Frederick Carder|Corning Glass Works, Steuben Division",1158,1158
Eastman Kodak Co.|Walter Dorwin Teague,1159,1159
Kurt Versen,1160,1160
"Pattyn Products Co. (Detroit, Michigan)|Unknown Designer",1161,1161
"Henry Dreyfuss|The American Thermos Bottle Company (Norwich, Connecticut)",1162,1162
"Henry Dreyfuss|The Washburn Company (Worcester, Massachusetts)",1163,1163
Henry Dreyfuss,1164,1164
Robert Fawcett|Heron Press,1165,1165
Paul T. Frankl|Harper & Brothers,1166,1166
"Revere Copper and Brass Company, Rome, NY|Norman Bel Geddes",1167,1167
"Lurelle Guild|International Silver Co., Wilcox Silver Plate Co. Division (Meriden, Connecticut)",1168,1168
Miklos Suba,1169,1169
"Terry Winters|Universal Limited Art Editions, Inc.|Universal Limited Art Editions, Inc.",1170,1170
Terry Winters|Grenfell Press|Grenfell Press,1171,1171
"Terry Winters|Keith Brintzenhofe|Hitoshi Kido|Universal Limited Art Editions, Inc.|John Lund",1172,1172
"Terry Winters|Keith Brintzenhofe|John Lund|Hitoshi Kido|Universal Limited Art Editions, Inc.",1173,1173
"Terry Winters|Hitoshi Kido|Universal Limited Art Editions, Inc.|Keith Brintzenhofe|John Lund",1174,1174
"Terry Winters|Hitoshi Kido|Keith Brintzenhofe|John Lund|Universal Limited Art Editions, Inc.",1175,1175
"Terry Winters|Keith Brintzenhofe|Universal Limited Art Editions, Inc.|John Lund|Hitoshi Kido",1176,1176
"Terry Winters|Universal Limited Art Editions, Inc.|John Lund|Keith Brintzenhofe|Hitoshi Kido",1177,1177
"Terry Winters|Universal Limited Art Editions, Inc.|Hitoshi Kido|Keith Brintzenhofe|John Lund",1178,1178
"Terry Winters|Hitoshi Kido|Keith Brintzenhofe|Universal Limited Art Editions, Inc.|John Lund",1179,1179
"Terry Winters|John Lund|Hitoshi Kido|Universal Limited Art Editions, Inc.|Keith Brintzenhofe",1180,1180
"Terry Winters|Keith Brintzenhofe|Universal Limited Art Editions, Inc.|Hitoshi Kido|John Lund",1181,1181
Carl Holty,1182,1182
Edmund deForest Curtis|Conestoga Pottery,1183,1183
Conestoga Pottery|Edmund deForest Curtis,1184,1184
Arbekai Pottery|Isidore Falkoff,1185,1185
Adelaide Alsop Robineau,1186,1186
Edward Francis McCartan,1187,1187
John Gregory,1188,1188
Harriet Whitney Frishmuth,1189,1189
Cheney Brothers,1190,1190
Herman Webster,1191,1191
E. Middleton Manigault,1192,1192
Charles Bittinger,1193,1193
Aldro T. Hibbard,1194,1194
Félix Bracquemond|Haviland & Co.,1195,1195
Haviland & Co.|Félix Bracquemond,1196,1196
Hazel Burnham Slaughter|Cheney Brothers,1197,1197
Edward Everett Oakes,1198,1198
Jonathan M. Swanson,1199,1199
Arthur Lee,1200,1200
Isidore Falkoff,1201,1201
Victor Salvatore,1202,1202
Felicie Waldo Howell,1203,1203
"Harry Wearne|Stead, McAlpin & Co.",1204,1204
Vicken Von Post|Rörstrand Factory,1205,1205
Herbert Haseltine,1206,1206
William Edward Bloomfield Starkweather,1207,1207
A. Sheldon Pennoyer,1208,1208
Ercole Cartotto,1209,1209
Edward J. Steichen|Stehli Silks Corporation,1210,1210
Charles B. Falls|Stehli Silks Corporation,1211,1211
Ralph Barton|Stehli Silks Corporation,1212,1212
René Clarke|Stehli Silks Corporation,1213,1213
Stehli Silks Corporation|Edward J. Steichen,1214,1214
Ruzzie Green|Stehli Silks Corporation,1215,1215
Helen Dryden|Stehli Silks Corporation,1216,1216
John Held Jr.|Stehli Silks Corporation,1217,1217
Neysa McMein,1218,1218
Ralph Barton,1219,1219
René Clarke,1220,1220
Stehli Silks Corporation|Katharine Sturges,1221,1221
Katharine Sturges|Stehli Silks Corporation,1222,1222
Charles B. Falls,1223,1223
H. R. Mallinson and Company,1224,1224
H. R. Mallinson and Company|Helen Damrosch Tee Van,1225,1225
Alexander Finta,1226,1226
Kenneth Hayes Miller,1227,1227
Paul Scheurich,1228,1228
Stehli Silks Corporation|Charles B. Falls,1229,1229
Stehli Silks Corporation|F. V. Carpenter,1230,1230
Harry Wearne,1231,1231
Leopold Seyffert,1232,1232
Josef Mario Korbel,1233,1233
Georg John Lober,1234,1234
Dorothea Warren O'Hara,1235,1235
Carl Walters,1236,1236
Marianna von Allesch,1237,1237
Anita M. Linzee,1238,1238
Walter Pach,1239,1239
Anne Goldthwaite,1240,1240
Laura Gardin Fraser,1241,1241
Gaetano Cecere,1242,1242
Ogden M. Pleissner,1243,1243
Henry Lee McFee,1244,1244
Thomas Hart Benton,1245,1245
Norman Bel Geddes,1246,1246
Carl Paul Jennewein,1247,1247
Lee Lawrie,1248,1248
Gardner Hale,1249,1249
Charles Fergus Binns,1250,1250
Frederic M. Grant,1251,1251
Joseph Breck,1252,1252
Molly Luce,1253,1253
George Ennis,1254,1254
Ernest Blumenschein,1255,1255
"Sidney Biehler Waugh|Corning Glass Works, Steuben Division",1256,1256
"Corning Glass Works, Steuben Division|Sidney Biehler Waugh",1257,1257
"Corning Glass Works, Steuben Division|Walter Dorwin Teague",1258,1258
"Samuel L. Ayres|Corning Glass Works, Steuben Division",1259,1259
"Corning Glass Works, Steuben Division|Samuel L. Ayres",1260,1260
"Corning Glass Works, Steuben Division|Frederick Carder",1261,1261
Albert Stewart,1262,1262
Arthur Graham Carey,1263,1263
Robert Ingersoll Aitken,1264,1264
Clarence Holbrook Carter,1265,1265
Waldo Peirce,1266,1266
Paul Sample,1267,1267
Venezia-Murano Company|Angelo Ferro,1268,1268
George Biddle,1269,1269
Richard Blow,1270,1270
Paul Ludwig Gill,1271,1271
Boris Lovet-Lorski,1272,1272
Gertrude K. Lathrop,1273,1273
Frank Mechau,1274,1274
Dale Nichols,1275,1275
Mary Hoover Aiken,1276,1276
Maud Morgan,1277,1277
Audrey Buller,1278,1278
Millard Sheets,1279,1279
Edith C. Blum,1280,1280
Harry Lane,1281,1281
Suzanne Silvercruys,1282,1282
Barse Miller,1283,1283
Philip Dike,1284,1284
Rudolf Jacobi,1285,1285
Angna Enters,1286,1286
George Grosz,1287,1287
Aaron Bohrod,1288,1288
Philip von Saltza,1289,1289
Raymond Breinin,1290,1290
Rainey Bennett,1291,1291
Stuart Benson,1292,1292
Lucille Villalon,1293,1293
Juanita Gonzalez,1294,1294
John Whorf,1295,1295
William L'Engle,1296,1296
Bruce Mitchell,1297,1297
Georges L. Schreiber,1298,1298
Lee Brown Coye,1299,1299
Thomas Craig,1300,1300
Irene de Bohus,1301,1301
Bernadine Custer,1302,1302
Eyvind Earle,1303,1303
Gladys Aller,1304,1304
Joan Irving Brandt,1305,1305
Pearl Frye Rau,1306,1306
Dong Kingman,1307,1307
Alexander Nepote,1308,1308
George Post,1309,1309
Milford Zornes,1310,1310
Fletcher Martin,1311,1311
Maija Grotell,1312,1312
Marion Lawrence Fosdick,1313,1313
Karl Drerup,1314,1314
Marianne Appel,1315,1315
Walker Hancock,1316,1316
Nan Watson,1317,1317
Ann Brockman,1318,1318
Patrick Morgan,1319,1319
Evangeline Chapman Cozzens,1320,1320
Bernard Klonis,1321,1321
Robert Noel Blair,1322,1322
Paul Valentine Lantz,1323,1323
Richard Sussman,1324,1324
Andrée Ruellan,1325,1325
Junius Allen,1326,1326
Edmond Amateis,1327,1327
Joseph E. Renier,1328,1328
John W. Taylor,1329,1329
Konrad Cramer,1330,1330
Louis Jean Liberté,1331,1331
Betty Lane,1332,1332
Anton Refregier,1333,1333
Mitchell Siporin,1334,1334
Karl R. Free,1335,1335
Elizabeth Sparhawk-Jones,1336,1336
Darrel Austin,1337,1337
Harry Shoulberg,1338,1338
José de Creeft,1339,1339
Anna Coleman Ladd,1340,1340
Erwin (Frederick) Springweiler,1341,1341
Francis Chapin,1342,1342
Ruth Raemisch,1343,1343
Brenda Putnam,1344,1344
William Scott Pyle,1345,1345
Jack Levine,1346,1346
John Atherton,1347,1347
Charles Houghton Howard,1348,1348
Frank Kleinholz,1349,1349
Jacob Lawrence,1350,1350
Kurt Ferdinand Roesch,1351,1351
Gladys Edgerly Bates,1352,1352
Henry Kreis,1353,1353
Alexander Calder,1354,1354
Frances Kent Lamont,1355,1355
Grace Hill Turnbull,1356,1356
Richmond Barthé,1357,1357
William W. Swallow,1358,1358
Janet de Coux,1359,1359
Viktor Schreckengost,1360,1360
Minna Wright Citron,1361,1361
Carl Schmitz,1362,1362
Eugene Berman,1363,1363
Bradley Walker Tomlin,1364,1364
Gladys Lewis Bush,1365,1365
Herzl Emanuel,1366,1366
John Sante,1367,1367
Daniel Rasmusson,1368,1368
Hugh Mesibov,1369,1369
"Samuel Joseph Brown, Jr.",1370,1370
Michael Leone,1371,1371
Julius Thiengen Bloch,1372,1372
Glenn Stuart Pearce,1373,1373
William Tasker,1374,1374
Josef Presser,1375,1375
Esther Garber,1376,1376
Thomas Flavell,1377,1377
Remo Farruggio,1378,1378
Reginald Wilson,1379,1379
Daniel Koerner,1380,1380
Sol Wilson,1381,1381
Isobel Bates,1382,1382
Elizabeth Terrell,1383,1383
Joseph De Martini,1384,1384
Joseph Kaplan,1385,1385
Morris Neuwirth,1386,1386
Gladys Kleinman,1387,1387
Perkins Harnly,1388,1388
Oronzo Gasparo,1389,1389
Joseph Wolins,1390,1390
Ben Benn,1391,1391
Lee Jackson,1392,1392
Rico Lebrun,1393,1393
Richard H. Recchia,1394,1394
Rene Paul Chambellan,1395,1395
Nahum Tschacbasov,1396,1396
Ivan Méstrovíc,1397,1397
Franklin Watkins,1398,1398
Jon Corbino,1399,1399
William C. McNulty,1400,1400
William Dean Fausett,1401,1401
Louis Schanker,1402,1402
Mary Eaton Dorr,1403,1403
Michel Alexander Werboff,1404,1404
Joseph A. Kiselewski,1405,1405
Sylvie Weinstein,1406,1406
Berthold Nebel,1407,1407
David Fredenthal,1408,1408
Edgardo Simone,1409,1409
Sidney Biehler Waugh,1410,1410
Margit Varga,1411,1411
Dahlov Ipcar,1412,1412
Isabel Burke Coll,1413,1413
Michael Lantz,1414,1414
Koren Der Harootian,1415,1415
Siuling Wong,1416,1416
William Charles Palmer,1417,1417
Karl Zerbe,1418,1418
William Manker,1419,1419
Winifred E. Phillips,1420,1420
Louis Benjamin Raynor,1421,1421
Herbert Harvey Sanders,1422,1422
H. Edward Winter,1423,1423
Snow Jade Wong,1424,1424
Harold E. Riegger,1425,1425
B. J. O. Nordfeldt,1426,1426
Everett Spruce,1427,1427
Thomas G. Lo Medico,1428,1428
Stanton Macdonald-Wright,1429,1429
Leo Friedlander,1430,1430
Irving Sherman,1431,1431
Grant Wood,1432,1432
"John A. Dreves|Corning Glass Works, Steuben Division",1433,1433
"Corning Glass Works, Steuben Division|George L. Thompson",1434,1434
Bruno Mankowski,1435,1435
Howard Whipple,1436,1436
Donal Hord,1437,1437
Kathleen Hollister,1438,1438
Cecil Howard,1439,1439
Arthur Osver,1440,1440
Priscilla Roberts,1441,1441
Robert Brackman,1442,1442
Ivan Albright,1443,1443
Flora Mace|Joey Kirkpatrick,1444,1444
Mary Shaffer,1445,1445
Albert W. Wein,1446,1446
Charles Henry Alston,1447,1447
Wheeler Williams,1448,1448
Andrew Michael Dasburg,1449,1449
Sueo Serisawa,1450,1450
Alice P. Shurtleff,1451,1451
Marion Greenwood,1452,1452
Lamar Dodd,1453,1453
"Edward Field Sanford, Jr.",1454,1454
Carlyle Brown,1455,1455
Reuben Tam,1456,1456
Walter Murch,1457,1457
Victor Higgins,1458,1458
William Thon,1459,1459
Leon Karp,1460,1460
Joseph Glasco,1461,1461
Karl Heinrich Gruppe,1462,1462
Henry Meloy,1463,1463
Ernest Cramer,1464,1464
Martha Franco,1465,1465
Gifford MacGregor Proctor,1466,1466
Jimmy Ernst,1467,1467
Peppino Mangravite,1468,1468
Attilio Salemme,1469,1469
Florine Stettheimer,1470,1470
Richard Haines,1471,1471
Henry Koerner,1472,1472
Duncan R. Stuart,1473,1473
Jean Jones Watts,1474,1474
Claude Bentley,1475,1475
Carl Gaertner,1476,1476
Katherine Sophie Dreier,1477,1477
Hedda Sterne,1478,1478
Robert Philipp,1479,1479
Balcomb Greene,1480,1480
William Grosvener Congdon,1481,1481
Peter Dalton,1482,1482
Abram Belskie,1483,1483
Sidney Simon,1484,1484
Cleve Gray,1485,1485
Robert Glenn Price,1486,1486
Anne Poor,1487,1487
Charles Kenneth Sibley,1488,1488
Arbit Blatas,1489,1489
John Groth,1490,1490
Peter Takal,1491,1491
Bessie Stough Callender,1492,1492
Xavier Gonzalez,1493,1493
Sue Fuller,1494,1494
William Kienbusch,1495,1495
Kay Sage,1496,1496
Charles Umlauf,1497,1497
Nathaniel Kaz,1498,1498
Calvin Albert,1499,1499
William Brice,1500,1500
Ynez Johnston,1501,1501
Victor Candell,1502,1502
Eliot Clark,1503,1503
John Taylor Arms,1504,1504
Yves Tanguy,1505,1505
John Hultberg,1506,1506
Richard Lippold,1507,1507
Nicolas Carone,1508,1508
Simon Lissim,1509,1509
Roy Mason,1510,1510
Stephen Etnier,1511,1511
Chen Chi,1512,1512
Carroll Cloar,1513,1513
Ruth Pruyn Goodrich,1514,1514
George Tooker,1515,1515
John Angel,1516,1516
Nancy Ellen Craig,1517,1517
Paul Fjelde,1518,1518
Pietro Montana,1519,1519
Carl A. Morris,1520,1520
Aaron A Shikler,1521,1521
Oscar Miestchaninoff,1522,1522
Jean de Marco,1523,1523
Paul B. Remmey,1524,1524
Donald De Lue,1525,1525
Sam Francis,1526,1526
Ilya Schor,1527,1527
Allan Houser,1528,1528
Charles Rudy,1529,1529
J. Sheldon Carey,1530,1530
"John Piper|Corning Glass Works, Steuben Division|George L. Thompson",1531,1531
"John Minton|Corning Glass Works, Steuben Division|Lloyd Atkins",1532,1532
"Corning Glass Works, Steuben Division|John Minton|Lloyd Atkins",1533,1533
"George L. Thompson|Corning Glass Works, Steuben Division",1534,1534
"Corning Glass Works, Steuben Division|Cho Chun Yung|Donald Pollard",1535,1535
"Sir Jacob Epstein|Corning Glass Works, Steuben Division|Donald Pollard",1536,1536
"Laurence Whistler|Corning Glass Works, Steuben Division",1537,1537
Audrey Newell,1538,1538
Gleb Derujinsky,1539,1539
Henry Gasser,1540,1540
Thomas Wilfred,1541,1541
Katharine Lane Weems,1542,1542
Leo Lentelli,1543,1543
F. Carlton Ball,1544,1544
Adolph Block,1545,1545
Patrick Henry Bruce,1546,1546
Adlai S. Hardin,1547,1547
Millie Bruhl Fredrick,1548,1548
Nathaniel Choate,1549,1549
Nathaniel Dirk,1550,1550
Stefano Cusumano,1551,1551
Oronzio Maldarelli,1552,1552
Lily Cushing,1553,1553
Mario Cooper,1554,1554
David Hare,1555,1555
Carl G. Mose,1556,1556
Albino Manca,1557,1557
Gertrude Schweitzer,1558,1558
Alfred Van Loen,1559,1559
Karl Pavany-Illava,1560,1560
Patricia Cunningham,1561,1561
Susanne Suba,1562,1562
Sidney Laufman,1563,1563
Frederic Whitaker,1564,1564
Robert A. Weinman,1565,1565
Frank Eliscu,1566,1566
Emily Winthrop Miles,1567,1567
Vuk Vuchinich,1568,1568
Harry Marinsky,1569,1569
Carlton Lehman,1570,1570
Katharine Lovell,1571,1571
Rudy Martinelli,1572,1572
Clara Fasano,1573,1573
Brian Connelly,1574,1574
Ethel Myers,1575,1575
Isabel Whitney,1576,1576
Jerome Blum,1577,1577
Avel de Knight,1578,1578
B. Shirley Carter,1579,1579
Walter Stein,1580,1580
Hazel Janicki,1581,1581
Aldo Casanova,1582,1582
A. Robert Birmelin,1583,1583
Robert Vickrey,1584,1584
Ralph Menconi,1585,1585
Elizabeth Nealon Weistrop,1586,1586
Robert Lohman,1587,1587
Robert Ranieri,1588,1588
Jonathan Scoville,1589,1589
Benjamin Knotts,1590,1590
Robert Andrew Parker,1591,1591
Everett Raymond Kinstler,1592,1592
Dorothy Coulter,1593,1593
Morton Schamberg,1594,1594
John Graham,1595,1595
Jean Xceron,1596,1596
Stefan Hirsch,1597,1597
Jules Bouy|F. Schumacher & Co.,1598,1598
American Decorative Hooked Rugs and Panels Co.|Jules Bouy,1599,1599
Fisher & Gentile Ltd.,1600,1600
Saul Goldman|Aristocrat Embroidery,1601,1601
"Malden Mills, Inc.",1602,1602
"Glenoit Mills, Inc.",1603,1603
Gabbe-Salm|Hanora Fabrics,1604,1604
"United Merchants & Manufacturers, Inc.",1605,1605
Julian Tomchin|Chardon Marché,1606,1606
"George Richardson, Inc.",1607,1607
Saul Goldman,1608,1608
"Malcolm Marshall Fabrics, Inc.",1609,1609
"Onondaga Silk Company, Inc.",1610,1610
Sheraton International Fabrics Corp. - TSM,1611,1611
"Jeri Silk Mfg. Co., Inc.",1612,1612
"Meyer Woolens, Inc.",1613,1613
Donald Richard Miller,1614,1614
(Matchett) Herring Coe,1615,1615
Gunta Stölzl Workshop|Anni Albers,1616,1616
Robert Beverly Hale,1617,1617
"Buffalo China (Buffalo, New York)",1618,1618
Rollin Crampton,1619,1619
Nina Winkel,1620,1620
Berroco Inc.,1621,1621
Chardon Marché,1622,1622
"Anglo Fabrics Company, Inc.",1623,1623
The Aerbaf Corporation,1624,1624
Ellen Gallagher,1625,1625
Laura Owens,1626,1626
Lynda Benglis,1627,1627
Michael Lekakis,1628,1628
Michael Aschenbrenner,1629,1629
Paul Chaleff,1630,1630
Paul Feeley,1631,1631
Earl Kerkam,1632,1632
Claes Oldenburg,1633,1633
Richard Mayhew,1634,1634
"Eliel Saarinen|International Silver Co., Wilcox Silver Plate Co. Division (Meriden, Connecticut)",1635,1635
Max Protetch|Glenn Ligon,1636,1636
Glenn Ligon|Burnet Editions|Max Protetch,1637,1637
Julian Stanczak,1638,1638
John Lund|Jasper Johns,1639,1639
Ludwig Mies van der Rohe|Berliner Metallgewerbe Josef Muller,1640,1640
M. Ali Tayar|Metalteks,1641,1641
Sean Scully|Burnet Editions,1642,1642
Ian Phillips,1643,1643
Landfall Press|Kara Walker,1644,1644
Joan Livingstone,1645,1645
"Solo Impressions, Inc.|Louise Bourgeois",1646,1646
Hamilton Press|Dennis Hopper,1647,1647
Gemini G.E.L.|Jasper Johns,1648,1648
Ellsworth Kelly|Gemini G.E.L.,1649,1649
Noblet Sérigraphie|Roy Lichtenstein,1650,1650
"Universal Limited Art Editions, Inc.|James Rosenquist",1651,1651
"Hampton Editions, Ltd.|David Salle",1652,1652
"Tyler Graphics, Ltd.|Frank Stella",1653,1653
Sam Feinstein,1654,1654
"Egmont Hegel Arens|Theodore C. Brookhart|Hobart Manufacturing Company, Troy, Ohio|David Anderson Meeker",1655,1655
Lester Beall,1656,1656
"Henry Dreyfuss|Birtman Electric Co. (Chicago, Illinois)",1657,1657
"Henry Dreyfuss|Westclox Company, Division of General Time Instruments Corp. (La Salle, Illinois)",1658,1658
"Henry Dreyfuss|Buffalo China (Buffalo, New York)",1659,1659
Helen Hughes Dulany,1660,1660
Betty Woodman|Viola Frey,1661,1661
Edgar Levy,1662,1662
"Harold L. Van Doren|John G. Rideout|The American National Company, Toledo, Ohio",1663,1663
Arthur Smith,1664,1664
Peter Todd Mitchell,1665,1665
Anne Wilson,1666,1666
"Walter Kidde Sales Company, Bloomfield, New Jersey|Norman Bel Geddes|Worthen Paxton",1667,1667
"Emerson Radio and Phonograph Corp., New York|Norman Bel Geddes",1668,1668
"Lurelle Guild|Aluminum Company of America, Kensington Inc. Division, New Kensington, Pennsylvania",1669,1669
"Wolfgang Hoffmann|Pola Hoffmann|Early American Pewter Company, Boston, MA",1670,1670
"Frank G. Holmes|Lenox, Incorporated",1671,1671
"Clarence Karstadt|Sears, Roebuck and Company",1672,1672
"Raymond Loewy|Purma Camera, Ltd., England",1673,1673
"J. Robert F. Swanson|Johnson Furniture Company, Grand Rapids, MI",1674,1674
John Rogers Cox,1675,1675
Alice Dalton Brown,1676,1676
"Donald Deskey|Geyer Publications, Andrew Geyer Inc. Publishers",1677,1677
"Isamu Noguchi|Zenith Radio Corporation (Chicago, Illinois)|Kurz-Kasch, Inc. (Dayton, Ohio)|Chicago Molded Products Corporation (Chicago, Illinois)",1678,1678
"Wilber L. Orme|Cambridge Glass Company (Cambridge, Ohio)",1679,1679
Peter Pfisterer,1680,1680
"Gilbert Rohde|Mutual-Sunset Lamp Manufacturing Company, Inc., Brooklyn, NY",1681,1681
Walter Dorwin Teague|Libbey Glass Company,1682,1682
"Walter Dorwin Teague|Corning Glass Works, Steuben Division",1683,1683
Walter Dorwin Teague|Eastman Kodak Co.,1684,1684
"Walter Dorwin Teague|Polaroid Corporation, Cambridge, MA|Frank Del Giudice",1685,1685
"Walter von Nessen|Chase Brass & Copper Company, Inc. (Waterbury, Connecticut)",1686,1686
Walter von Nessen,1687,1687
Kem Weber|Friedman Silver Company,1688,1688
"Kem Weber|Airline Chair Company (Los Angeles, California)",1689,1689
"William Archibald Welden|Revere Copper and Brass Company, Rome, NY",1690,1690
"Eva Zeisel|Universal Potteries Inc. (Cambridge, Ohio)|Francis Blod",1691,1691
"The Company of Master Craftsmen, for W. & J. Sloane",1692,1692
Eszter Haraszty|Knoll,1693,1693
Stehli Silks Corporation|John Held Jr.,1694,1694
Stehli Silks Corporation|Dwight Taylor,1695,1695
Stehli Silks Corporation|Neysa McMein,1696,1696
Stehli Silks Corporation|Helen Dryden,1697,1697
Ollie Scott Butler|Pepperell Manufacturing Company,1698,1698
"Ollie Scott Butler|Lesher, Whitman and Company",1699,1699
Gilbert Adrian|F. Ducharne Silk Company,1700,1700
Andre Flory|Catoir Silk Company,1701,1701
"Ludwig Bemelmans|Wesley Simpson, Inc.",1702,1702
"Wesley Simpson, Inc.|Marcel Vertès",1703,1703
"James Reynolds|Wesley Simpson, Inc.",1704,1704
"Simone Strasser|Onondaga Silk Company, Inc.",1705,1705
"Zue Martin|Onondaga Silk Company, Inc.",1706,1706
"Fritzi Reckendorf|Onondaga Silk Company, Inc.",1707,1707
Bianchini-Férier|Peter Todd Mitchell|Norman Norell,1708,1708
Gilbert Adrian|Bianchini-Férier,1709,1709
Catoir Silk Company,1710,1710
M. D. C. Crawford|Converse and Company,1711,1711
Marianna von Allesch|Robert McBratney and Company,1712,1712
Raymond Duncan,1713,1713
Matthew Weinstein,1714,1714
Harold Cousins,1715,1715
Wilmer Angier Jennings,1716,1716
William E. Smith,1717,1717
John Woodrow Wilson,1718,1718
Robert Blackburn,1719,1719
Allan Randall Freelon,1720,1720
Universal Limited Art Editions|Jasper Johns,1721,1721
Robert Cottingham,1722,1722
Harry Sternberg,1723,1723
Peter Aldridge|Steuben,1724,1724
John Thomas Biggers,1725,1725
Elmer W. Brown,1726,1726
Calvin Burnett,1727,1727
Margaret Burroughs,1728,1728
"Claude Clark, Sr.",1729,1729
Eldzier Cortor,1730,1730
Ernest Crichlow,1731,1731
Allan Rohan Crite,1732,1732
Charles Clarence Dawson,1733,1733
Aaron Douglas,1734,1734
William McKnight Farrow,1735,1735
Jefferson Eugene Grigsby Jr.,1736,1736
Louise E. Jefferson,1737,1737
Sargent Claude Johnson,1738,1738
Henry Bozeman Jones,1739,1739
Lawrence Arthur Jones,1740,1740
James E. Lewis Jr.,1741,1741
Samella Sanders Lewis,1742,1742
Richard William Lindsey,1743,1743
William McBride,1744,1744
Hayward Louis Oubré Jr.,1745,1745
Georgette Seabrooke Powell,1746,1746
"Charles L. Sallee, Jr.",1747,1747
Albert A. Smith,1748,1748
Raymond Steth,1749,1749
Dox Thrash,1750,1750
James Lesesne Wells,1751,1751
Charles Wilbert White,1752,1752
Diane Itter,1753,1753
Harold O'Connor,1754,1754
Adela Akers,1755,1755
Jay Kelly,1756,1756
Herman Rosse,1757,1757
Richard R. Beatty,1758,1758
Hilda Rue Wilkinson Brown,1759,1759
Fred Carlo,1760,1760
Carl G. Hill,1761,1761
Eddie Jack Jordan,1762,1762
Ronald Joseph,1763,1763
Clarence Lawson,1764,1764
David Ross,1765,1765
Clarence Williams,1766,1766
"Fireplace Editions|Kiki Smith|Universal Limited Art Editions, Inc.",1767,1767
Vincent D. Smith,1768,1768
Kispester–Granit Pottery|Eva Zeisel,1769,1769
Eva Zeisel|A.H. Heisey & Co.,1770,1770
Kiki Smith|13 Moons,1771,1771
Kiki Smith|Margaret De Wys,1772,1772
Robert Ryman,1773,1773
Tommi Parzinger,1774,1774
Dorothy Feibleman,1775,1775
Stokely Webster,1776,1776
"Unknown Designer|International Silver Company, Meriden, Connecticut",1777,1777
"Henry Dreyfuss|International Silver Company, Meriden, Connecticut",1778,1778
Alfred Van Loen|Steve Zanichkovsky,1779,1779
Scott Fraser,1780,1780
Bernard Childs,1781,1781
Rockwell Kent|Saison Happily Married Fabrics,1782,1782
"Minna Wright Citron|Eldindean Press, New York",1783,1783
Prescott Chaplin,1784,1784
Emil Ganso,1785,1785
"Reginald Marsh|Whitney Museum of American Art, New York",1786,1786
"Whitney Museum of American Art, New York|Reginald Marsh",1787,1787
"Wesley Simpson, Inc.|Ludwig Bemelmans",1788,1788
"Marcel Vertès|Wesley Simpson, Inc.",1789,1789
Rural Studio|Steven Durden|Thomas Tretheway|Ruard Veltman,1790,1790
Tremain Smith,1791,1791
Terence Harold Robsjohn-Gibbings|Peterson Studios,1792,1792
Pele de Lappe,1793,1793
Christine Hiebert,1794,1794
"Henriette Reiss|Omar Kiam|Onondaga Silk Company, Inc.",1795,1795
Serge Chermayeff|L. Anton Maix Fabrics NYC,1796,1796
Terry Winters|Universal Limited Art Editions,1797,1797
"Terry Winters|Universal Limited Art Editions, Inc.",1798,1798
EKCO Products International Company|Marion Weeber,1799,1799
Marion Weeber|EKCO Products International Company,1800,1800
Darryl Pottorf|Robert Rauschenberg|Gemini G.E.L.,1801,1801
Robert Rauschenberg|Darryl Pottorf|Gemini G.E.L.,1802,1802
Robert Rauschenberg|Gemini G.E.L.,1803,1803
Gemini G.E.L.|Robert Rauschenberg,1804,1804
Darryl Pottorf|Gemini G.E.L.,1805,1805
Gemini G.E.L.|Darryl Pottorf,1806,1806
Leonardo Drew,1807,1807
Mari-Louise Van Esselstyn,1808,1808
Heinz Barger Verlag (previously Verlag Neue Jugend)|George Grosz,1809,1809
Marion Weeber,1810,1810
John Gibson,1811,1811
Martin Puryear|The Arion Press,1812,1812
"Juan Sanchez|Dieu Donné Papermill|Lower East Side Printshop, Inc.",1813,1813
Herman Rosse|P. Fiebiger Iron Works,1814,1814
Herman Rosse|P. Fiebiger Iron Works|International Nickel Company,1815,1815
Julian Hatton,1816,1816
Bill Viola,1817,1817
Chakaia Booker,1818,1818
Walter Gropius|Herbert Bayer,1819,1819
"Trevor Baylis|Freeplay Energy USA, Inc.",1820,1820
Peck & Peck,1821,1821
Jimmy Wright,1822,1822
Bruce Conner,1823,1823
Alan Saret,1824,1824
Arnold J. Kemp,1825,1825
Peter Shire,1826,1826
Ralph Fasanella,1827,1827
Leon Steinmetz,1828,1828
Robert Willson,1829,1829
"Robert Rauschenberg|Universal Limited Art Editions, Inc.",1830,1830
Anne Peretz,1831,1831
Knoll Textiles|Noemi Raymond,1832,1832
Ferne Jacobs,1833,1833
Marion Dorn,1834,1834
David Shaner,1835,1835
Linda MacNeil,1836,1836
Terry Winters|Jean Starobinski,1837,1837
"Vincent D. Smith|G.W. Einstein Co., Inc.",1838,1838
Susan Weil,1839,1839
Ellen Phelan,1840,1840
Vincent D. Smith|Mary Ann Unger|Linda Swanson|Mohammed Omer Khalil|Printmaking Workshop,1841,1841
Fance Franck|Sèvres Manufactory,1842,1842
Nellie Mae Rowe,1843,1843
Petah Coyne,1844,1844
Rick Dillingham,1845,1845
Tony Marsh,1846,1846
Anita Huffington,1847,1847
Alexey Brodovitch,1848,1848
Mark Hadjipateras|Pyramid Atlantic,1849,1849
"Fairfield Porter|Brooke Alexander, Inc.|Bank Street Atelier|M. Knoedler & Co., Inc., New York",1850,1850
Jim Torok,1851,1851
David Novros,1852,1852
Norma Minkowitz,1853,1853
Eleanore Mikus,1854,1854
Eric Fischl,1855,1855
Gerry Eskin,1856,1856
Enrique Martinez Celaya,1857,1857
DeLoss McGraw,1858,1858
"Richard Marquis|Venini & Co., Murano, Italy, established 1921",1859,1859
Stanley Boxer,1860,1860
William Crutchfield,1861,1861
Terence La Noue,1862,1862
"Malcolm Morley|Tyler Graphics, Ltd.",1863,1863
T.L. Solien,1864,1864
Steven Sorman,1865,1865
Robert Zakanitch,1866,1866
Cheney Brothers|Francis Gira,1867,1867
Pierre Matisse,1868,1868
Dominic Di Mare,1869,1869
Don Eddy,1870,1870
David Ivie,1871,1871
John Dickinson,1872,1872
Bonnie Seeman,1873,1873
Nancy Lawton,1874,1874
"Danielle LaPlante|Paula Wilson|Beka Goedde|Megan Foster|Jacob Stein|Kara Walker|LeRoy Neiman Center for Print Studies, Columbia University",1875,1875
Sidney Geist,1876,1876
Robert Rauschenberg,1877,1877
Tip Toland,1878,1878
Manierre Dawson,1879,1879
Jon Eric Riis,1880,1880
Dorothea Tanning,1881,1881
Raymond Pettibon,1882,1882
Pat Flynn,1883,1883
"Jaune Quick-to-See Smith, Enrolled Salish member of the Confederated Salish and Kootenai Tribes of the Flathead Reservation",1884,1884
Dove Bradshaw,1885,1885
Kara Walker,1886,1886
Ben Kutcher,1887,1887
Lola Brooks,1888,1888
Thomas Gentille,1889,1889
Lisa Gralnick,1890,1890
Myra Mimlitsch-Gray,1891,1891
Mary Lee Hu,1892,1892
Richard Mawdsley,1893,1893
Daniel Jocz,1894,1894
Keith Lewis,1895,1895
Stanley Lechtzin,1896,1896
Bruce Metcalf,1897,1897
Eugene Pijanowski|Hiroko Pijanowski,1898,1898
Joan Parcher,1899,1899
Earl Pardon,1900,1900
Kiff Slemmons,1901,1901
Rachelle Thiewes,1902,1902
Joyce J. Scott,1903,1903
Nina Katchadourian,1904,1904
Willie Cole,1905,1905
Randy Hemminghaus|Willie Cole|Brodsky Center for Innovative Editions|Gail Deery,1906,1906
Roxy Paine,1907,1907
Curtis Benzle|Susan Boutz,1908,1908
Curtis Benzle,1909,1909
Jack Earl,1910,1910
Leon Steinmetz|John W. Cataldo,1911,1911
Doris Tillett,1912,1912
Robert Smullyan Sloan,1913,1913
Shreve Lamb & Harmon Architects,1914,1914
Kehinde Wiley,1915,1915
Lino Tagliapietra|Dan Dailey,1916,1916
"Philip Orenstein|Mass Art, Inc., New York, NY",1917,1917
"Ray Komai|JG Furniture Co., Inc, New York, NY",1918,1918
Pat Steir,1919,1919
Sandow Birk,1920,1920
"Dale Chihuly|Sidereal Fine Art Press, Seattle, Washington",1921,1921
Georgia Marsh,1922,1922
Richard Segalman,1923,1923
Pamela Nelson,1924,1924
John Baldessari,1925,1925
Jonathan Wahl,1926,1926
"Louise Bourgeois|Harlan & Weaver, Inc.",1927,1927
Douglas Donaldson,1928,1928
Art Smith,1929,1929
Ward Bennett|Brickel / Eppinger,1930,1930
Petterson Studio,1931,1931
Julius Shulman,1932,1932
Alan Gussow,1933,1933
Julie Mehretu,1934,1934
Silence = Death Project,1935,1935
George Condo,1936,1936
Robert Irwin,1937,1937
Dennis Hopper,1938,1938
Elizabeth Peyton,1939,1939
Paul Sietsema,1940,1940
Tara Donovan,1941,1941
Benjamin Lord,1942,1942
Amy Bennett,1943,1943
Richard Upton,1944,1944
Peter Eisenman|Karin Ludlow,1945,1945
Kalup Linzy,1946,1946
Sylvia Plimack Mangold,1947,1947
Michele Oka Doner,1948,1948
Larry Bell,1949,1949
Radcliffe Bailey,1950,1950
Jenny Holzer,1951,1951
Donald Moffett,1952,1952
Michelle Stuart,1953,1953
Zarina,1954,1954
Nate Lowman,1955,1955
Charles Atlas,1956,1956
Thornton Dial,1957,1957
Jamie Bennett,1958,1958
Maya Lin,1959,1959
Donald Moffett|Robert Beck,1960,1960
Paul Sharits,1961,1961
Andrea Fraser,1962,1962
Morris Hirshfield,1963,1963
Amie Siegel,1964,1964
Rona Pondick,1965,1965
Alma Thomas,1966,1966
Kevin Moss,1967,1967
Robert Courtright,1968,1968
Ron Gorchov,1969,1969
George Negroponte,1970,1970
Jeff,1971,1971
Ann McCoy,1972,1972
Peter Bradley,1973,1973
May Stevens,1974,1974
"Bert L. Long, Jr.",1975,1975
Terry Allen,1976,1976
Ellen Driscoll,1977,1977
Peter Schuyff,1978,1978
Todd Siler,1979,1979
Don Wynn,1980,1980
Arnaldo Roche Rabell,1981,1981
John Alexander,1982,1982
Dan McCleary,1983,1983
Oliver Lee Jackson,1984,1984
Robert Kushner,1985,1985
John Tweddle,1986,1986
Tishan Hsu,1987,1987
Paul Wonner,1988,1988
Richard Chiriani,1989,1989
Jane Hammond,1990,1990
Doug Anderson,1991,1991
Christopher Brown,1992,1992
Mark Kostabi,1993,1993
Chuck Connelly,1994,1994
Dana Van Horn,1995,1995
Ed Paschke,1996,1996
William Anastasi,1997,1997
Theophilus Brown,1998,1998
Paul Marcus,1999,1999
Willard Dixon,2000,2000
Paul Sarkisian,2001,2001
Nancy Haynes,2002,2002
Noah Jemisin,2003,2003
Brad Davis,2004,2004
Randall Schmit,2005,2005
Cham Hendon,2006,2006
Robert Rauschenberg|Allan Kaprow|Jasper Johns,2007,2007
Bumpei Usui,2008,2008
Claude Lawrence,2009,2009
Russell B. Aitken,2010,2010
Eric Serritella,2011,2011
Robert Overby,2012,2012
