Label2,id,node
Berenice Abbott,2173,2173
Matthew Abbott,2174,2174
Michele Abeles,2175,2175
Sigmund Abeles,2176,2176
Ida Abelman,2177,2177
Satoru Abe,2178,2178
Raimund Abraham,2179,2179
Marina Abramovic,2180,2180
Juan Abreu,2181,2181
Vito Acconci,2182,2182
Keith Achepol,2183,2183
Alice Adams,2184,2184
Ansel Adams,2185,2185
Dennis Adams,2186,2186
Kenneth M. Adams,2187,2187
Pat Adams,2188,2188
Robert Adams,2189,2189
Shelby Lee Adams,2190,2190
Terry Adkins,2191,2191
Lee Adler,2192,2192
Samuel M. Adler,2193,2193
Etel Adnan,2194,2194
Nicholas Africano,2195,2195
Peter Agostini,2196,2196
"John Ahearn, Andrew Castrucci, Crash, Daze, Jane Dickson, Jenny Holzer, Gary Simmons, Martin Wong",2197,2197
Rosa Aiello,2198,2198
Doug Aitken,2199,2199
Russell Barnett Aitken,2200,2200
Ricci Albenda,2201,2201
Josef Albers,2202,2202
Calvin Albert,2203,2203
Ivan Le Lorraine Albright,2204,2204
Lita Albuquerque,2205,2205
Albert L. Alcopley,2206,2206
Richard Aldrich,2207,2207
Pierre Alechinsky,2208,2208
Peter Alexander,2209,2209
Carlos Alfonzo,2210,2210
Brian Alfred,2211,2211
Diana Al-Hadid,2212,2212
Laylah Ali,2213,2213
William Allan,2214,2214
Harold Allen,2215,2215
Lynne Allen,2216,2216
Carlos Almaraz,2217,2217
Merry Alpern,2218,2218
Glen Earl Alps,2219,2219
Charles Henry Alston,2220,2220
Harold Altman,2221,2221
David Altmejd,2222,2222
"David Altmejd, Ricky Swallow, Jamie Isenstein, Lesley Vance",2223,2223
John Altoon,2224,2224
Candida Alvarez,2225,2225
D-L Alvarez,2226,2226
José Alvarez,2227,2227
Noriko Ambe,2228,2228
Irving Amen,2229,2229
Gregory Amenoff,2230,2230
American Abstract Artists,2231,2231
Leo Amino,2232,2232
Emma Amos,2233,2233
William Anastasi,2234,2234
Eric Andersen,2235,2235
Allan Anderson,2236,2236
Clarence William Anderson,2237,2237
John Anderson,2238,2238
Laurie Anderson,2239,2239
Lennart Anderson,2240,2240
Linda Anderson,2241,2241
Walter Anderson,2242,2242
Joe Andoe,2243,2243
Edna Andrade,2244,2244
Carl Andre,2245,2245
Milet Andrejevic,2246,2246
Benny Andrews,2247,2247
Kenneth Anger,2248,2248
Suzanne Anker,2249,2249
Anonymous,2250,2250
William Anthony,2251,2251
"David Antin, Paul Blackburn, Robert Bly, Robert Creeley, Robert Duncan, Clayton Eshleman, Anthony Hecht, Stanley Kunitz, Denise Levertov, Walter Lowenfels, Joel L. Oppenheimer, Allen Planz, Jerome Rothenberg, Frank Samperi, Gilbert Sorrentino, Charles Stein, Tony Towle, James Wright",2252,2252
Eleanor Antin,2253,2253
Stephen Antonakos,2254,2254
Janine Antoni,2255,2255
Julio Antonio,2256,2256
Richard Anuszkiewicz,2257,2257
Polly Apfelbaum,2258,2258
Ida Applebroog,2259,2259
Tomie Arai,2260,2260
Diane Arbus,2261,2261
Cory Arcangel,2262,2262
Edgar Arceneaux,2263,2263
Edmund Archer,2264,2264
Alexander Archipenko,2265,2265
Stuart Arends,2266,2266
Arman,2267,2267
John Taylor Arms,2268,2268
David Armstrong,2269,2269
Robert Arneson,2270,2270
Charles Arnoldi,2271,2271
Ralph Arnold,2272,2272
David Aronson,2273,2273
Richard Artschwager,2274,2274
Korakrit Arunanondchai,2275,2275
Ruth Asawa,2276,2276
Asco,2277,2277
Dennis Ashbaugh,2278,2278
Michael Ashkin,2279,2279
assume vivid astro focus,2280,2280
John Atherton,2281,2281
Conrad Atkinson,2282,2282
Charles Atlas,2283,2283
Alice Attie,2284,2284
Dotty Attie,2285,2285
Tauba Auerbach,2286,2286
George C. Ault,2287,2287
Edward Avedisian,2288,2288
Richard Avedon,2289,2289
Eric Avery,2290,2290
Milton Avery,2291,2291
Sid Avery,2292,2292
Manuel Ayaso,2293,2293
Alice Aycock,2294,2294
Helène Aylon,2295,2295
Ay-O,2296,2296
Luis Cruz Azaceta,2297,2297
Norio Azuma,2298,2298
Akram Zaatari,2299,2299
Robert Zakanitch,2300,2300
Amir Zaki,2301,2301
Michele Zalopany,2302,2302
Zarina,2303,2303
Marian Zazeela,2304,2304
Dan Zeller,2305,2305
Karl Zerbe,2306,2306
Claude Zervas,2307,2307
Henry Ziegler,2308,2308
Elyn Zimmerman,2309,2309
Vernon Zimmerman,2310,2310
Julius Zirinsky,2311,2311
Andrea Zittel,2312,2312
Wilfrid Meynell Zogbaum,2313,2313
Marguerite Zorach,2314,2314
William Zorach,2315,2315
Larry Zox,2316,2316
Zsissly,2317,2317
Barbara Marion Zucker,2318,2318
Joe Zucker,2319,2319
Kevin Zucker,2320,2320
Jud Yalkut,2321,2321
Lynne Yamamoto,2322,2322
Robert Yarber,2323,2323
William Yarrow,2324,2324
Thomas Yerxa,2325,2325
Anicka Yi,2326,2326
Tuguldur Yondonjamts,2327,2327
Jack Youngerman,2328,2328
La Monte Young,2329,2329
Mahonri M. Young,2330,2330
Peter Young,2331,2331
Purvis Young,2332,2332
Mario Yrisarry,2333,2333
Adja Yunkers,2334,2334
Lisa Yuskavage,2335,2335
Jean Xcéron,2336,2336
Xing Danwen,2337,2337
Julia Wachtel,2338,2338
Yoshimasa Wada,2339,2339
Catherine Wagner,2340,2340
Merrill Wagner,2341,2341
Antek Walczak,2342,2342
Sylvia Wald,2343,2343
John Walker,2344,2344
Kara Walker,2345,2345
"Kara Walker, Jack Lemon",2346,2346
Kelley Walker,2347,2347
Sandy Walker,2348,2348
Abraham Walkowitz,2349,2349
Jeff Wall,2350,2350
Dan Walsh,2351,2351
Carl Walters,2352,2352
Liz Ward,2353,2353
Nari Ward,2354,2354
Chris Ware,2355,2355
Andy Warhol,2356,2356
"Andy Warhol, Rupert Jasen Smith",2357,2357
Hyman Warsager,2358,2358
Jane Wasey,2359,2359
Phoebe Washburn,2360,2360
Oliver Wasow,2361,2361
John Waters,2362,2362
Franklin C. Watkins,2363,2363
Nan Watson,2364,2364
"George Brecht, Robert Watts",2365,2365
"Robert Watts, Fluxus",2366,2366
Robert Watts,2367,2367
Jeff Way,2368,2368
June Wayne,2369,2369
Alexander Dwight Webb,2370,2370
Bruce Weber,2371,2371
Frederic Weber,2372,2372
Idelle Weber,2373,2373
Max Weber,2374,2374
Chuck Webster,2375,2375
Tom Webster,2376,2376
Weegee,2377,2377
Carrie Mae Weems,2378,2378
William Wegman,2379,2379
Elbert Weinberg,2380,2380
Abraham S. Weiner,2381,2381
Lawrence Weiner,2382,2382
Louis Weiner,2383,2383
Robert I. Weingarten,2384,2384
David Weinrib,2385,2385
J. Alden Weir,2386,2386
Ruth Ellen Weisberg,2387,2387
James Welling,2388,2388
Neil Welliver,2389,2389
Cady Wells,2390,2390
Charles Wells,2391,2391
James L. Wells,2392,2392
Mac Wells,2393,2393
Mason Wells,2394,2394
Stow Wengenroth,2395,2395
Nat Werner,2396,2396
Anita Weschler,2397,2397
John Wesley,2398,2398
Tom Wesselmann,2399,2399
H.C. Westermann,2400,2400
Stephen Westfall,2401,2401
Brett Weston,2402,2402
Edward Weston,2403,2403
Harold Weston,2404,2404
Margaret Wharton,2405,2405
George Bernard Wheeler,2406,2406
Steve Wheeler,2407,2407
Bill Wheelock,2408,2408
Warren Wheelock,2409,2409
"John Sloan, Charles White",2410,2410
Charles White,2411,2411
Emmi Whitehorse,2412,2412
Joseph Plummer White,2413,2413
Frederick J. Whiteman,2414,2414
Minor White,2415,2415
Vera White,2416,2416
Frank P. Whiting,2417,2417
Gertrude Vanderbilt Whitney,2418,2418
Stanley Whitney,2419,2419
Jack Whitten,2420,2420
Sarah Whitworth,2421,2421
John Whorf,2422,2422
Harry Wickey,2423,2423
Paul Wiesenfeld,2424,2424
T. J. Wilcox,2425,2425
John Wilde,2426,2426
Chris Wilder,2427,2427
William T. Wiley,2428,2428
Hannah Wilke,2429,2429
Ulfert S. Wilke,2430,2430
John Willenbecher,2431,2431
Christopher Williams,2432,2432
Emmett Williams,2433,2433
Hiram D. Williams,2434,2434
Michael Williams,2435,2435
Neil Williams,2436,2436
Pat Ward Williams,2437,2437
Peter Williams,2438,2438
Sue Williams,2439,2439
Walter Williams,2440,2440
William T. Williams,2441,2441
John Willis,2442,2442
Hank Willis Thomas,2443,2443
Thornton Willis,2444,2444
Christopher Wilmarth,2445,2445
Martin Wilner,2446,2446
Amy Wilson,2447,2447
Ann Wilson,2448,2448
Fred Wilson,2449,2449
Jane Wilson,2450,2450
Martha Wilson,2451,2451
May Wilson,2452,2452
R. G. Wilson,2453,2453
Robert Wilson,2454,2454
Sol Wilson,2455,2455
Wes Wilson,2456,2456
Arnold Wiltz,2457,2457
James Wines,2458,2458
Garry Winogrand,2459,2459
Neil Winokur,2460,2460
Jackie Winsor,2461,2461
Joseph Winter,2462,2462
Denny E. Winters,2463,2463
Robin Winters,2464,2464
Terry Winters,2465,2465
William Winter,2466,2466
Melville Thomas Wire,2467,2467
Karl Wirsum,2468,2468
Joel-Peter Witkin,2469,2469
Bettina Witteveen,2470,2470
Philip Wofford,2471,2471
Agatha Wojciechowsky,2472,2472
David Wojnarowicz,2473,2473
"David Wojnarowicz, Kiki Smith",2474,2474
"Kiki Smith, David Wojnarowicz",2475,2475
"David Wojnarowicz, James Romberger",2476,2476
Jack Wolfe,2477,2477
James Wolfe,2478,2478
Steve Wolfe,2479,2479
William Wolff,2480,2480
Helen Wolf,2481,2481
Jordan Wolfson,2482,2482
Sidney Wolfson,2483,2483
Jeffrey Wolin,2484,2484
Joseph Wolin,2485,2485
Jay Wolke,2486,2486
Zachary Wollard,2487,2487
Martin Wong,2488,2488
Su-en Wong,2489,2489
Paul Wonner,2490,2490
Beatrice Wood,2491,2491
Charles H. Woodbury,2492,2492
Grant Wood,2493,2493
Jonas Wood,2494,2494
Betty Woodman,2495,2495
Francesca Woodman,2496,2496
George Woodman,2497,2497
Hale Aspacio Woodruff,2498,2498
Lebbeus Woods,2499,2499
Alan Wood-Thomas,2500,2500
"Robert Gober, Christopher Wool",2501,2501
Christopher Wool,2502,2502
George K. Wright,2503,2503
Tom Wudl,2504,2504
Theo Wujcik,2505,2505
B. Wurtz,2506,2506
Andrew Wyeth,2507,2507
Jamie Wyeth,2508,2508
Chris Wyllie,2509,2509
Rob Wynne,2510,2510
Polygnotos Vagis,2511,2511
Michael Vahrenwald,2512,2512
Meyer Vaisman,2513,2513
DeWain Valentine,2514,2514
James Valerio,2515,2515
Lesley Vance,2516,2516
Anton van Dalen,2517,2517
Sara VanDerBeek,2518,2518
Stan VanDerBeek,2519,2519
James Van Der Zee,2520,2520
Jay Van Everen,2521,2521
Cock van Gent,2522,2522
Carl Van Vechten,2523,2523
Dorothy Varian,2524,2524
Nicholas Vasilieff,2525,2525
Gene Vass,2526,2526
"Fluxus, Paul Sharits, James Riddle, Ben Vautier, Mieko Shiomi",2527,2527
"Ben Vautier, Fluxus",2528,2528
Ben Vautier,2529,2529
Liena Vayzman,2530,2530
Anthony Velonis,2531,2531
Conrad Ventur,2532,2532
JoAnn Verburg,2533,2533
Chris Verene,2534,2534
Heather Vernon,2535,2535
David Vestal,2536,2536
Esteban Vicente,2537,2537
Robert Vickrey,2538,2538
Frede Vidar,2539,2539
Carlos Villa,2540,2540
William Villalongo,2541,2541
Frank Lincoln Viner,2542,2542
Bill Viola,2543,2543
Banks Violette,2544,2544
Martha Visser't Hooft,2545,2545
Stephen Vitiello,2546,2546
Joseph Vogel,2547,2547
Ruth Vollmer,2548,2548
John von Bergen,2549,2549
Charline Von Heyl,2550,2550
Stephan von Huene,2551,2551
Robert von Neumann,2552,2552
Ursula Von Rydingsvard,2553,2553
David von Schlegell,2554,2554
John von Wicht,2555,2555
Charmion von Wiegand,2556,2556
Wolff Vostell,2557,2557
Peter Voulkos,2558,2558
Vaclav Vytlacil,2559,2559
Ansei Uchima,2560,2560
Jerry N. Uelsmann,2561,2561
Tomi Ungerer,2562,2562
Vargas-Suarez Universal,2563,2563
Stewart Uoo,2564,2564
Kaari Upson,2565,2565
Philip Taaffe,2566,2566
Augustus Vincent Tack,2567,2567
Dan Tague,2568,2568
Agnes Tait,2569,2569
Peter Takal,2570,2570
Stephen Talasnik,2571,2571
William Talbot,2572,2572
Reuben Tam,2573,2573
Yves Tanguy,2574,2574
Henry O. Tanner,2575,2575
Dorothea Tanning,2576,2576
Mark Tansey,2577,2577
Anne Tardos,2578,2578
William Tarr,2579,2579
Frederic Taubes,2580,2580
Lenore G. Tawney,2581,2581
Al Taylor,2582,2582
Henry Taylor,2583,2583
Henry Fitch Taylor,2584,2584
John W. Taylor,2585,2585
Prentiss Hottel Taylor,2586,2586
Wayne Taylor,2587,2587
Sam Tchakalian,2588,2588
Pavel Tchelitchew,2589,2589
Sabina Teichman,2590,2590
Val Telberg,2591,2591
"William Maxwell, Gina Marie Terranova",2592,2592
Michael Tetherow,2593,2593
Storm Tharp,2594,2594
"Diana Thater, T. Kelly Mason",2595,2595
Diana Thater,2596,2596
Gerald Thayer,2597,2597
Paul Thek,2598,2598
Robert Therrien,2599,2599
Wayne Thiebaud,2600,2600
Alma Thomas,2601,2601
Mickalene Thomas,2602,2602
Bob Thompson,2603,2603
Cheyney Thompson,2604,2604
"Cheyney Thompson, Sean Paul",2605,2605
Jerry L. Thompson,2606,2606
Mungo Thomson,2607,2607
William Thon,2608,2608
Ruth Thorne-Thomsen,2609,2609
Dox Thrash,2610,2610
George Tice,2611,2611
Nathaniel Tileston,2612,2612
Tim Rollins and K.O.S.,2613,2613
Rirkrit Tiravanija,2614,2614
Walter Tittle,2615,2615
Mark Tobey,2616,2616
Michael Cullen Todd,2617,2617
Jennings Tofel,2618,2618
Carl Anthony Tollefson,2619,2619
Fred Tomaselli,2620,2620
Bradley Walker Tomlin,2621,2621
Rosie Lee Tompkins,2622,2622
Anthony Toney,2623,2623
Yasunao Tone,2624,2624
Michael Tong,2625,2625
George Tooker,2626,2626
Alex Topchevsky,2627,2627
Morris Topchevsky,2628,2628
John Francis Torreano,2629,2629
Francesc Torres,2630,2630
Harold Tovish,2631,2631
Hugh Townley,2632,2632
Tam Van Tran,2633,2633
Bill Traylor,2634,2634
Ryan Trecartin,2635,2635
Joyce Treiman,2636,2636
Arthur Tress,2637,2637
Kerry Tribe,2638,2638
M. A. Tricca,2639,2639
"Walter Gutman, Trisha Brown Dance Company",2640,2640
Ernest Trova,2641,2641
Kon Trubkovich,2642,2642
David True,2643,2643
Anne Truitt,2644,2644
"Herman Trunk, Jr.",2645,2645
Wen-Ying Tsai,2646,2646
Wu Tsang,2647,2647
Nahum Tschacbasov,2648,2648
Allen Tucker,2649,2649
Diane Tuft,2650,2650
James B. Turnbull,2651,2651
R. D. Turnbull,2652,2652
Alan Turner,2653,2653
James Turrell,2654,2654
Anne Turyn,2655,2655
Charles Turzak,2656,2656
Richard Tuttle,2657,2657
John H. Twachtman,2658,2658
Russell Gould Twiggs,2659,2659
Cy Twombly,2660,2660
Jack Tworkov,2661,2661
Nicola Tyson,2662,2662
Allen Saalburg,2663,2663
Alison Saar,2664,2664
Betye Saar,2665,2665
Raphael Sabatini,2666,2666
Ira Sachs,2667,2667
Tom Sachs,2668,2668
Kay Sage,2669,2669
Niki de Saint Phalle,2670,2670
Takako Saito,2671,2671
Jason Salavon,2672,2672
Attilio Salemme,2673,2673
Lucia Autorino Salemme,2674,2674
David Salle,2675,2675
Salon de Fleurus,2676,2676
Lucas Samaras,2677,2677
Victoria Sambunaris,2678,2678
Sam Samore,2679,2679
Paul Starrett Sample,2680,2680
Emilio Sanchez,2681,2681
Juan Sánchez,2682,2682
Fred Sandback,2683,2683
Ludwig Sander,2684,2684
Hope Sandrow,2685,2685
Sven Birger Sandzén,2686,2686
Hélène Sardeau,2687,2687
Alan Saret,2688,2688
John Singer Sargent,2689,2689
Charles Sarka,2690,2690
Paul Sarkisian,2691,2691
Peter Sarkisian,2692,2692
Raymond Saroff,2693,2693
Tadashi Sato,2694,2694
Jacolby Satterwhite,2695,2695
Saul,2696,2696
Peter Saul,2697,2697
Matt Saunders,2698,2698
Raymond Jennings Saunders,2699,2699
W. Lee Savage,2700,2700
Angelo Savelli,2701,2701
Helen Sawyer,2702,2702
Henry Lyman Sayen,2703,2703
Morteza Sazegar,2704,2704
Italo Scanga,2705,2705
Concetta Scaravaglione,2706,2706
Salvatore Scarpitta,2707,2707
Hugh Scatena,2708,2708
John Schabel,2709,2709
Morton Schamberg,2710,2710
Louis Schanker,2711,2711
Miriam Schapiro,2712,2712
"Amy Sillman, Jef Scharf",2713,2713
Kenny Scharf,2714,2714
David Scher,2715,2715
Lesley Schiff,2716,2716
Melanie Schiff,2717,2717
Herbert Schiffrin,2718,2718
Joseph Schillinger,2719,2719
Katy Schimert,2720,2720
Aurel Schmidt,2721,2721
Julius Schmidt,2722,2722
Katherine Schmidt,2723,2723
Day Schnabel,2724,2724
Julian Schnabel,2725,2725
Roy Schnackenberg,2726,2726
Henry Schnakenberg,2727,2727
Carolee Schneemann,2728,2728
Gary Schneider,2729,2729
Ira Schneider,2730,2730
Karin Schneider,2731,2731
Max Schnitzler,2732,2732
Jason Schoener,2733,2733
Flora Irwin Schofield,2734,2734
John Scholl,2735,2735
Carl Scholz,2736,2736
Collier Schorr,2737,2737
Victor Schrager,2738,2738
Karl Schrag,2739,2739
Georges Schreiber,2740,2740
Jon Schueler,2741,2741
Carl M. Schultheiss,2742,2742
Christian Schumann,2743,2743
Anton Schutz,2744,2744
Dana Schutz,2745,2745
"Dana Schutz, Larry Mantello, Lorenzo de Los Angeles, Mika Rottenberg",2746,2746
Ethel Schwabacher,2747,2747
Buky Schwartz,2748,2748
Manfred Schwartz,2749,2749
William Schwedler,2750,2750
Martyl Schweig Langsdorf,2751,2751
Gertrude Schweitzer,2752,2752
Graf Wilfred Schwerin von Krosigk,2753,2753
Sandra Scolnik,2754,2754
Dread Scott,2755,2755
Lizzie Scott,2756,2756
Sean Scully,2757,2757
Stephanie Scuris,2758,2758
Glen Seator,2759,2759
James L. Seawright,2760,2760
Carole Seborovski,2761,2761
George Segal,2762,2762
Doris Seidler,2763,2763
Peter Sekaer,2764,2764
Allan Sekula,2765,2765
Frank Selby,2766,2766
Jason Seley,2767,2767
Charles Seliger,2768,2768
Jonathan Seliger,2769,2769
Kurt Seligmann,2770,2770
Joan Semmel,2771,2771
Beverly Semmes,2772,2772
John Sennhauser,2773,2773
Andres Serrano,2774,2774
Richard Serra,2775,2775
Lawrence Seward,2776,2776
Jamel Shabazz,2777,2777
Ben Shahn,2778,2778
Paul Shambroom,2779,2779
Frederick Emanuel Shane,2780,2780
shannonbold,2781,2781
Joel Shapiro,2782,2782
Liza Shapiro,2783,2783
Paul Sharits,2784,2784
Cameron Shaw,2785,2785
Charles G. Shaw,2786,2786
Jim Shaw,2787,2787
Richard Shaw,2788,2788
Judith Shea,2789,2789
Jack Shear,2790,2790
Arlene Shechet,2791,2791
Stuart Shedletsky,2792,2792
Charles Sheeler,2793,2793
Millard Sheets,2794,2794
Mark Sheinkman,2795,2795
Ward Shelley,2796,2796
Cindy Sherman,2797,2797
Sarai Sherman,2798,2798
Alan Shields,2799,2799
Madeline Shiff,2800,2800
Roger Shimomura,2801,2801
Everett Shinn,2802,2802
Mieko Shiomi,2803,2803
Dasha Shishkin,2804,2804
Harry Shokler,2805,2805
Stephen Shore,2806,2806
Alyson Shotz,2807,2807
Kenneth Showell,2808,2808
"Gedi Sibony, Matthew Brannon, Shannon Ebner, Fia Backström",2809,2809
Gedi Sibony,2810,2810
Alan Siegel,2811,2811
Amie Siegel,2812,2812
Arthur Siegel,2813,2813
Lundy Siegriest,2814,2814
James Siena,2815,2815
Paul Sietsema,2816,2816
Hollis Sigler,2817,2817
Oli Sihvonen,2818,2818
Shahzia Sikander,2819,2819
Amy Sillman,2820,2820
"Amy Sillman, Charles Bernstein",2821,2821
Si Sillman,2822,2822
Larry Silver,2823,2823
Louis Silverstein,2824,2824
Helena Simkhovitch,2825,2825
Simkha Simkhovitch,2826,2826
Gary Simmons,2827,2827
Laurie Simmons,2828,2828
Charles Simonds,2829,2829
John F. Simon Jr.,2830,2830
Taryn Simon,2831,2831
Lauren E. Simonutti,2832,2832
Lorna Simpson,2833,2833
Simpson-Middleman,2834,2834
Avery Singer,2835,2835
Mitchell Siporin,2836,2836
Aaron Siskind,2837,2837
Sandy Skoglund,2838,2838
Karina Aguilera Skvirsky,2839,2839
Thomas Slaughter,2840,2840
Sylvia Sleigh,2841,2841
John Sloan,2842,2842
"John Sloan, Peter J. Platt",2843,2843
Esphyr Slobodkina,2844,2844
Hunt Slonem,2845,2845
Gerald Slota,2846,2846
Robert Slutzky,2847,2847
Albert Alexander Smith,2848,2848
Alexis Smith,2849,2849
Allison Smith,2850,2850
Cary Smith,2851,2851
"Lucille Corcos, Dorothy Dehner, Adolph Gottlieb, Esther Gottlieb, David Smith",2852,2852
David Smith,2853,2853
Erik Johan Smith,2854,2854
"George ""Geo"" Smith",2855,2855
Harry Smith,2856,2856
Hassel W. Smith,2857,2857
Jack Smith,2858,2858
Jacob Getlar Smith,2859,2859
Jaune Quick-to-See Smith,2860,2860
Jennie Smith,2861,2861
Josh Smith,2862,2862
Judson Smith,2863,2863
Kiki Smith,2864,2864
Lawrence Beal Smith,2865,2865
Leon Polk Smith,2866,2866
Michael E. Smith,2867,2867
Mike Smith,2868,2868
Moishe Smith,2869,2869
Pamela Colman Smith,2870,2870
Patti Smith,2871,2871
Philip Smith,2872,2872
Richard Smith,2873,2873
Seton Smith,2874,2874
Shinique Smith,2875,2875
Shirley Smith,2876,2876
Robert Smithson,2877,2877
Tony Smith,2878,2878
W. Eugene Smith,2879,2879
Zak Smith,2880,2880
David R. Smyth,2881,2881
Ned Smyth,2882,2882
Kenneth Snelson,2883,2883
Jenny Snider,2884,2884
Lawrence K. Snider,2885,2885
Dash Snow,2886,2886
Gerry Snyder,2887,2887
Joan Snyder,2888,2888
Janet Sobel,2889,2889
Society of Independent Artists,2890,2890
Sasson Soffer,2891,2891
Stom Sogo,2892,2892
T. L. Solien,2893,2893
Joseph Solman,2894,2894
Hyde Solomon,2895,2895
Syd Solomon,2896,2896
Frederick Sommer,2897,2897
William Sommer,2898,2898
Jack Sonenberg,2899,2899
Yutaka Sone,2900,2900
Alan Sonfist,2901,2901
Keith Sonnier,2902,2902
John Sonsini,2903,2903
Matthew Sontheimer,2904,2904
Helen Soreff,2905,2905
Alec Soth,2906,2906
Al Souza,2907,2907
Isaac Soyer,2908,2908
Moses Soyer,2909,2909
Raphael Soyer,2910,2910
Jerry Spagnoli,2911,2911
Aaron Spangler,2912,2912
Michael Spano,2913,2913
Elizabeth Sparhawk-Jones,2914,2914
Meredyth Sparks,2915,2915
Reena Spaulings,2916,2916
George Spaventa,2917,2917
Buzz Spector,2918,2918
Eugene Speicher,2919,2919
Coreen Mary Spellman,2920,2920
Andrew Spence,2921,2921
Niles Spencer,2922,2922
Nancy Spero,2923,2923
"Nancy Spero, Leon Golub",2924,2924
Edwin E. Sponsler,2925,2925
Carl Sprinchorn,2926,2926
Molly Springfield,2927,2927
Benton Murdoch Spruance,2928,2928
Everett Spruce,2929,2929
Robert Squeri,2930,2930
Jack Squier,2931,2931
Lawrence Stafford,2932,2932
Jan Staller,2933,2933
Theodoros Stamos,2934,2934
Richard Stankiewicz,2935,2935
Robert Stanley,2936,2936
William Staples,2937,2937
Frances Stark,2938,2938
"Frances Stark, Stuart Bailey",2939,2939
Joseph Stashkevetch,2940,2940
Andrew Stasik,2941,2941
Evelyn Statsinger,2942,2942
Alexander R. Stavenitz,2943,2943
Cesare Stea,2944,2944
Hugh Steers,2945,2945
Joseph Stefanelli,2946,2946
Bernard Joseph Steffen,2947,2947
Edward Steichen,2948,2948
Harwood Steiger,2949,2949
Steina,2950,2950
Haim Steinbach,2951,2951
Saul Steinberg,2952,2952
Michael Steiner,2953,2953
Ralph Steiner,2954,2954
Mark Steinmetz,2955,2955
Pat Steir,2956,2956
Frank Stella,2957,2957
Joseph Stella,2958,2958
Gary Stephan,2959,2959
Leo Steppat,2960,2960
Harry Sternberg,2961,2961
Hedda Sterne,2962,2962
Maurice Sterne,2963,2963
Albert Sterner,2964,2964
Harold Sterner,2965,2965
Joel Sternfeld,2966,2966
Lynn Stern,2967,2967
Florine Stettheimer,2968,2968
Louis Stettner,2969,2969
Edward John Stevens Jr.,2970,2970
May Stevens,2971,2971
"Jasper Johns, Donn Steward",2972,2972
John P. Stewart,2973,2973
Alfred Stieglitz,2974,2974
Clyfford Still,2975,2975
George Stillman,2976,2976
Rudolf Stingel,2977,2977
Jessica Stockholder,2978,2978
Ezra Stoller,2979,2979
Sylvia Stone,2980,2980
John Storrs,2981,2981
Lou Stoumen,2982,2982
Myron Stout,2983,2983
Paul Strand,2984,2984
Angela Strassheim,2985,2985
James Strombotne,2986,2986
Peter Anthony Stroud,2987,2987
Juergen Strunck,2988,2988
Karl Struss,2989,2989
Michelle Stuart,2990,2990
Jack Stuck,2991,2991
Walter Stuempfig,2992,2992
Sturtevant,2993,2993
Miklos Suba,2994,2994
George Sugarman,2995,2995
Hiroshi Sugimoto,2996,2996
Kunié Sugiura,2997,2997
Do Ho Suh,2998,2998
Catherine Sullivan,2999,2999
James Sullivan,5837,5837
Donald Sultan,3001,3001
Larry Sultan,3002,3002
Carol Summers,3003,3003
Emily Sundblad,3004,3004
James Surls,3005,3005
Eve Sussman,3006,3006
Edward Suydam,3007,3007
Erica Svec,3008,3008
Marc Swanson,3009,3009
Sahl Swarz,3010,3010
Erick Swenson,3011,3011
Albert Swinden,3012,3012
Corin Sworn,3013,3013
Stephanie Syjuco,3014,3014
Curt Szekessy,3015,3015
Sarah Sze,3016,3016
Arthur Szyk,3017,3017
Walid Raad,3018,3018
Raquel Rabinovich,3019,3019
Leo Rabkin,3020,3020
André Racz,3021,3021
Joseph Raffael,3022,3022
Sara Greenberger Rafferty,3023,3023
Andrew Raftery,3024,3024
Yvonne Rainer,3025,3025
Christina Ramberg,3026,3026
Paul Henry Ramirez,3027,3027
Mel Ramos,3028,3028
Daniel Rasmusson,3029,3029
Alan Rath,3030,3030
Augusta Rathbone,3031,3031
David Rathman,3032,3032
Abraham Rattner,3033,3033
Robert Rauschenberg,3034,3034
Lucy Raven,3035,3035
Charles Ray,3036,3036
Blake Rayne,3037,3037
Luis Recoder,3038,3038
Bernard Reder,3039,3039
Edward Redfield,3040,3040
Erwin Redl,3041,3041
Dede Hagist Reed,3042,3042
"Luis Gispert, Jeffrey Reed",3043,3043
Robert Reed,3044,3044
Michael Rees,3045,3045
Anton Refregier,3046,3046
Earl Reiback,3047,3047
Murray Reich,3048,3048
Steve Reich,3049,3049
Laurie Reid,3050,3050
William Reimann,3051,3051
Ad Reinhardt,3052,3052
Siegfried Reinhardt,3053,3053
Philip Reisman,3054,3054
Roland Reiss,3055,3055
Deborah Remington,3056,3056
Edda Renouf,3057,3057
Paul Resika,3058,3058
Milton Resnick,3059,3059
Sam Reveles,3060,3060
Jeanne Reynal,3061,3061
Jason Rhoades,3062,3062
Louis Ribak,3063,3063
Bill Richards,3064,3064
Dean Richardson,3065,3065
Sam Richardson,3066,3066
Walter DuBois Richards,3067,3067
Robert Richenburg,3068,3068
Garry Rich,3069,3069
Hans Richter,3070,3070
George Rickey,3071,3071
"James Riddle, Fluxus",3072,3072
Beatrice Riese,3073,3073
Robert Riggs,3074,3074
Duke Riley,3075,3075
Paul von Ringelheim,3076,3076
Faith Ringgold,3077,3077
Matthew Ritchie,3078,3078
Larry Rivers,3079,3079
"Andrea Robbins, Max Becher",3080,3080
David Robbins,3081,3081
Tony Robbin,3082,3082
Liisa Roberts,3083,3083
Abby Robinson,3084,3084
Boardman Robinson,3085,3085
Dario Robleto,3086,3086
Hugo Robus,3087,3087
Dorothea Rockburne,3088,3088
Raymond Rocklin,3089,3089
Alexis Rockman,3090,3090
Torbjørn Rødland,3091,3091
H.A. Rodriguez-Mora,3092,3092
Kurt Roesch,3093,3093
Walter Rogalski,3094,3094
Andrew Rogers,3095,3095
Milton Rogovin,3096,3096
Caroline Speare Rohland,3097,3097
Paul Rohland,3098,3098
Robert Rohm,3099,3099
Jo Rollo,3100,3100
Clare Romano,3101,3101
Umberto Romano,3102,3102
Rachael Romero,3103,3103
Julia Rommel,3104,3104
William Ronald,3105,3105
Matthew Ronay,3106,3106
Lauren Ronick,3107,3107
Arnold Ronnebeck,3108,3108
Ednah Root,3109,3109
Ruth Root,3110,3110
James Rosati,3111,3111
Aaron Rose,3112,3112
Herman Rose,3113,3113
Ceil Rosenberg,3114,3114
Jay Rosenblum,3115,3115
Walter Rosenblum,3116,3116
Ralph Rosenborg,3117,3117
Charles Rosen,3118,3118
Kay Rosen,3119,3119
James Rosenquist,3120,3120
Bernard Rosenthal,3121,3121
Doris Rosenthal,3122,3122
Rachel Rose,3123,3123
Ce Roser,3124,3124
Ruth Starr Rose,3125,3125
Martha Rosler,3126,3126
Seymour Rosofsky,3127,3127
Alvin Ross,3128,3128
Charles Ross,3129,3129
Clifford Ross,3130,3130
Alison Rossiter,3131,3131
Theodore Roszak,3132,3132
Susan Rothenberg,3133,3133
Ernest Roth,3134,3134
Frank Roth,3135,3135
Mark Rothko,3136,3136
Judith Rothschild,3137,3137
Lincoln Rothschild,3138,3138
Arthur Rothstein,3139,3139
Mika Rottenberg,3140,3140
Irene Rousseau,3141,3141
Michal Rovner,3142,3142
Nellie Mae Rowe,3143,3143
Susan Rowland,3144,3144
Rudy Royval,3145,3145
Lewis W. Rubenstein,3146,3146
Leo Rubinfien,3147,3147
Nancy Rubins,3148,3148
Sterling Ruby,3149,3149
Andrée Ruellan,3150,3150
Thomas Ruff,3151,3151
Carl Ruggles,3152,3152
Aïda Ruilova,3153,3153
Charles Cary Rumsey,3154,3154
"Miljohn Ruperto, Ulrik Heltoft",3155,3155
Allen Ruppersberg,3156,3156
"Kenneth Price, Edward Ruscha",3157,3157
Edward Ruscha,3158,3158
Paul Ruscha,3159,3159
Alfred Russell,3160,3160
Morgan Russell,3161,3161
Rudolph Ruzicka,3162,3162
Anne Ryan,3163,3163
Albert Pinkham Ryder,3164,3164
Margery Austen Ryerson,3165,3165
Robert Ryman,3166,3166
Robert Quackenbush,3167,3167
Leo Quanchi,3168,3168
Harvey Quaytman,3169,3169
R. H. Quaytman,3170,3170
Eileen Quinlan,3171,3171
Edmond Thomas Quinn,3172,3172
Nathaniel Mary Quinn,3173,3173
Luís Quintanilla,3174,3174
Walter Quirt,3175,3175
Stephen Pace,3176,3176
William Pachner,3177,3177
Walter Pach,3178,3178
David Packard,3179,3179
Anthony Padovano,3180,3180
Trevor Paglen,3181,3181
"Nam June Paik, Fluxus",3182,3182
Nam June Paik,3183,3183
"Nam June Paik, Dr. Matthew H.M. Lee",3184,3184
"Jeffrey Perkins, Nam June Paik",3185,3185
Roxy Paine,3186,3186
PaJaMa,3187,3187
Matthew Palladino,3188,3188
William C. Palmer,3189,3189
Tommy Dale Palmore,3190,3190
Gary Panter,3191,3191
Tod Papageorge,3192,3192
Fred Papsdorf,3193,3193
Jorge Pardo,3194,3194
Harold Paris,3195,3195
Charlotte Park,3196,3196
David Park,3197,3197
"Robert ParkeHarrison, Shana ParkeHarrison",3198,3198
"Avon Neal, Ann Parker",3199,3199
"Ann Parker, Avon Neal",3200,3200
Bill Parker,3201,3201
Erik Parker,3202,3202
James Parker,3203,3203
Raymond Parker,3204,3204
Robert Andrew Parker,3205,3205
Gordon Parks,3206,3206
Steven Parrino,3207,3207
Betty Parsons,3208,3208
Lloyd Parsons,3209,3209
Ed Paschke,3210,3210
Jules Pascin,3211,3211
Marlo Pascual,3212,3212
Jennifer Pastor,3213,3213
Izhar Patkin,3214,3214
Christine Taylor Patten,3215,3215
Ben Patterson,3216,3216
Abbott Pattison,3217,3217
David Paul,3218,3218
Frank Paulin,3219,3219
Sean Paul,3220,3220
Philip Pavia,3221,3221
Philip Pearlstein,3222,3222
Bruce Pearson,3223,3223
Henry Pearson,3224,3224
David Pease,3225,3225
Knud Pedersen,3226,3226
Adam Peiperl,3227,3227
Waldo Peirce,3228,3228
Agnes Pelton,3229,3229
Joseph Pennell,3230,3230
Irving Penn,3231,3231
Joyce Pensato,3232,3232
Beverly Pepper,3233,3233
I. Rice Pereira,3234,3234
Luis Perelman,3235,3235
Gilles Peress,3236,3236
Enoc Perez,3237,3237
Harley Perkins,3238,3238
Robert Perless,3239,3239
Bernard Perlin,3240,3240
Jenny Perlin,3241,3241
Hirsch Perlman,3242,3242
Joel Perlman,3243,3243
Bill Perlmutter,3244,3244
Herbert Perr,3245,3245
Van Dearing Perrine,3246,3246
Serena Perrone,3247,3247
Simmons Persons,3248,3248
Dolly Perutz,3249,3249
Gabor Peterdi,3250,3250
Roland C. Petersen,3251,3251
Ben Peterson,3252,3252
Jane Peterson,3253,3253
Irving Petlin,3254,3254
William Pettet,3255,3255
Richard Pettibone,3256,3256
Raymond Pettibon,3257,3257
Elizabeth Peyton,3258,3258
Judy Pfaff,3259,3259
John Pfahl,3260,3260
Paul Pfeiffer,3261,3261
Ellen Phelan,3262,3262
Danica Phelps,3263,3263
Robert Philipp,3264,3264
Blanche Phillips,3265,3265
Helen Phillips,3266,3266
James Phillips,3267,3267
Marjorie Phillips,3268,3268
Matt Phillips,3269,3269
Peter Phillips,3270,3270
Richard Phillips,3271,3271
George Picken,3272,3272
Joseph Pickett,3273,3273
Chloe Piene,3274,3274
Jack Pierson,3275,3275
Aleksandar Saša Pilipovic,3276,3276
Matthew Pillsbury,3277,3277
John Pilson,3278,3278
Howardena Pindell,3279,3279
Melissa Ann Pinney,3280,3280
Jody Pinto,3281,3281
Salvatore Pinto,3282,3282
Adrian Piper,3283,3283
Horace Pippin,3284,3284
Hobson Pittman,3285,3285
Lari Pittman,3286,3286
Walter Plate,3287,3287
Liss Platt,3288,3288
Stephanie Pogue,3289,3289
Albin Polasek,3290,3290
Mathias Poledna,3291,3291
Reginald Pollack,3292,3292
Joseph Pollet,3293,3293
Charles Pollock,3294,3294
Jackson Pollock,3295,3295
Michael Ponce de Léon,3296,3296
Rona Pondick,3297,3297
Larry Poons,3298,3298
Anne Poor,3299,3299
Henry Varnum Poor,3300,3300
Carl Pope,3301,3301
Pope.L,3302,3302
David Porter,3303,3303
Eliot Porter,3304,3304
Fairfield Porter,3305,3305
Katherine Porter,3306,3306
Liliana Porter,3307,3307
Richard Pousette-Dart,3308,3308
Robert Povlich,3309,3309
Mary S. Powers,3310,3310
Donald Powley,3311,3311
Rudy Pozzatti,3312,3312
Lucio Pozzi,3313,3313
Paul P.,3314,3314
Alex Prager,3315,3315
Peggy Preheim,3316,3316
Charles James Prendergast,3317,3317
Maurice Prendergast,3318,3318
Thomas Prentiss,3319,3319
Josef Presser,3320,3320
James Preston,3321,3321
Gregorio Prestopino,3322,3322
Easton Pribble,3323,3323
Joan Webster Price,3324,3324
Kenneth Price,3325,3325
Seth Price,3326,3326
Monique Prieto,3327,3327
Stephen Prina,3328,3328
Richard Prince,3329,3329
Barbara Probst,3330,3330
Nancy Elizabeth Prophet,3331,3331
Robert A. Pruitt,3332,3332
Albert John Pucci,3333,3333
Elliott Puckette,3334,3334
Mina Pulsifer,3335,3335
Noah Purifoy,3336,3336
Martin Puryear,3337,3337
Adam Putnam,3338,3338
Jon Pylypchuk,3339,3339
Daniel Oates,3340,3340
Chiura Obata,3341,3341
Mary McLean Obering,3342,3342
Catherine Frances O'Brien,3343,3343
Aric Obrosey,3344,3344
Manuel Ocampo,3345,3345
Ruben Ochoa,3346,3346
Alice O'Connor,3347,3347
John O'Connor,3348,3348
Thomas O'Connor,3349,3349
Shaun O'Dell,3350,3350
Toyin Ojih Odutola,3351,3351
Doug Ohlson,3352,3352
Kenzo Okada,3353,3353
Arthur Okamura,3354,3354
Georgia O'Keeffe,3355,3355
Ken Okiishi,3356,3356
Jerry Okimoto,3357,3357
Shimon Okshteyn,3358,3358
Claes Oldenburg,3359,3359
Claes Oldenburg and Coosje van Bruggen,3360,3360
Toby Old,3361,3361
Jules Olitski,3362,3362
Nathan Oliveira,3363,3363
Pauline Oliveros,3364,3364
Earle Olsen,3365,3365
William Omwake,3366,3366
Pat O'Neill,3367,3367
Robyn O'Neil,3368,3368
Yoko Ono,3369,3369
Gordon Onslow-Ford,3370,3370
Catherine Opie,3371,3371
Dennis Oppenheim,3372,3372
Kristin Oppenheim,3373,3373
John Opper,3374,3374
John O'Reilly,3375,3375
Deborah Oropallo,3376,3376
Gabriel Orozco,3377,3377
José Clemente Orozco,3378,3378
Elliot Orr,3379,3379
"Larry Bell, Eric Orr",3380,3380
The Orr,3381,3381
David Ortins,3382,3382
Raphael Montañez Ortiz,3383,3383
George Ortman,3384,3384
Osborne,3385,3385
Charles Oscar,3386,3386
Pepón Osorio,3387,3387
Alfonso Ossorio,3388,3388
Carl Ostendarp,3389,3389
Arthur Osver,3390,3390
Otra de Vaqueros,3391,3391
Tom Otterness,3392,3392
Sabina Ott,3393,3393
Tony Oursler,3394,3394
Paul Outerbridge,3395,3395
Robert Overby,3396,3396
Bill Owens,3397,3397
Laura Owens,3398,3398
Akosua Adoma Owusu,3399,3399
Yigal Ozeri,3400,3400
James Nachtwey,3401,3401
Elie Nadelman,3402,3402
Thomas Nagai,3403,3403
Peter Nagy,3404,3404
Laurel Nakadate,3405,3405
Reuben Nakian,3406,3406
Billy Name,3407,3407
Hans Namuth,3408,3408
James Nares,3409,3409
Thomas W. Nason,3410,3410
Robert Natkin,3411,3411
Bruce Nauman,3412,3412
Alice Neel,3413,3413
Anne Neely,3414,3414
Warren Neidich,3415,3415
LeRoy Neiman,3416,3416
Joan Nelson,3417,3417
Senga Nengudi,3418,3418
Manuel Neri,3419,3419
Jackson Lee Nesbitt,3420,3420
Shirin Neshat,3421,3421
Joshua Neustein,3422,3422
Louise Nevelson,3423,3423
Mike Nevelson,3424,3424
Warren Newcombe,3425,3425
Arnold Newman,3426,3426
Barnett Newman,3427,3427
Carl Newman,3428,3428
Daniel Newman,3429,3429
John Newman,3430,3430
Marvin E. Newman,3431,3431
Mark Newport,3432,3432
Rashaad Newsome,3433,3433
John Newsom,3434,3434
Edith Newton,3435,3435
Jun Nguyen-Hatsushiba,3436,3436
Don Nice,3437,3437
Ben Nicholson,3438,3438
Robert Nickle,3439,3439
Kimon Nicolaides,3440,3440
Nic Nicosia,3441,3441
Henry Niese,3442,3442
Gladys Nilsson,3443,3443
Hermann Nitsch,3444,3444
Costantino Nivola,3445,3445
Nicholas Nixon,3446,3446
John Noble,3447,3447
John Alexander Noble,3448,3448
Isamu Noguchi,3449,3449
Cady Noland,3450,3450
Kenneth Noland,3451,3451
Richard Nonas,3452,3452
Barbara Norfleet,3453,3453
Dorothy Norman,3454,3454
Gyora Novak,3455,3455
David Novros,3456,3456
Domingo Nuño,3457,3457
Jim Nutt,3458,3458
Maha Maamoun,3459,3459
Nathan Mabry,3460,3460
Kim MacConnel,3461,3461
Chris Macdonald,3462,3462
Stanton Macdonald-Wright,3463,3463
Sheldon Machlin,3464,3464
"Ken Friedman, George Maciunas, Fluxus",3465,3465
"Fluxus, George Maciunas",3466,3466
"George Maciunas, Fluxus",3467,3467
George Maciunas,3468,3468
Loren MacIver,3469,3469
Anissa Mack,3470,3470
Diane MacKown,3471,3471
Elmer L. MacRae,3472,3472
Tala Madani,3473,3473
Jack Madson,3474,3474
Gus Mager,3475,3475
Marco Maggi,3476,3476
Jill Magid,3477,3477
Oscar Magnan,3478,3478
Florian Maier-Aichen,3479,3479
Monica Majoli,3480,3480
Frank Majore,3481,3481
Oronzio Maldarelli,3482,3482
Robert Mallary,3483,3483
Ronald Mallory,3484,3484
Billy Malone,3485,3485
Mathieu Malouf,3486,3486
Howard Mandel,3487,3487
Iñigo Manglano-Ovalle,3488,3488
Robert Mangold,3489,3489
Sylvia Plimack Mangold,3490,3490
Babette Mangolte,3491,3491
Peppino Gino Mangravite,3492,3492
Katinka Mann,3493,3493
Sally Mann,3494,3494
Man Ray,3495,3495
Leo Manso,3496,3496
Larry Mantello,3497,3497
Nancy Manter,3498,3498
Robert Mapplethorpe,3499,3499
Lizbeth Marano,3500,3500
Fabian Marcaccio,3501,3501
Donna Marcantonio,3502,3502
Conrad Marca-Relli,3503,3503
Christian Marclay,3504,3504
Ari Marcopoulos,3505,3505
Marcia Marcus,3506,3506
Brice Marden,3507,3507
Helen Marden,3508,3508
Boris Margo,3509,3509
S. L. Margolies,3510,3510
Berta Margoulies,3511,3511
De Hirsh Margules,3512,3512
Joseph Margulies,3513,3513
Marie Krane Bergman with Cream Co.,3514,3514
Herman Maril,3515,3515
John Marin,3516,3516
Joseph Marioni,3517,3517
Marisol,3518,3518
Kyra Markham,3519,3519
Mary Ellen Mark,3520,3520
Ethel Mars,3521,3521
Kerry James Marshall,3522,3522
Reginald Marsh,3523,3523
Agnes Martin,3524,3524
Cameron Martin,3525,3525
Daria Martin,3526,3526
Ezio Martinelli,3527,3527
Alfred Martinez,3528,3528
Daniel Joseph Martinez,3529,3529
Fletcher Martin,3530,3530
Fred Martin,3531,3531
Keith Martin,3532,3532
Knox Martin,3533,3533
Virgil Marti,3534,3534
Antonio Martorell,3535,3535
Robert Ernest Marx,3536,3536
Yuri Masnyj,3537,3537
Alice Trumbull Mason,3538,3538
Andrew Masullo,3539,3539
Jill Mathis,3540,3540
Sophie Matisse,3541,3541
Gordon Matta-Clark,3542,3542
Mercedes Matter,3543,3543
Henry Mattson,3544,3544
Jan Matulka,3545,3545
Cynthia Maughan,3546,3546
Lionel Maunz,3547,3547
Alfred Henry Maurer,3548,3548
Nick Mauss,3549,3549
Merritt Mauzey,3550,3550
Carey Maxon,3551,3551
Aubrey Mayer,3552,3552
Keith Mayerson,3553,3553
Richard Mayhew,3554,3554
Michael Mazur,3555,3555
Rita McBride,3556,3556
Anthony McCall,3557,3557
Virginia McCall,3558,3558
Henry McCarter,3559,3559
"Mike Kelley, Paul McCarthy",3560,3560
Paul McCarthy,3561,3561
Chris McCaw,3562,3562
Robert McChesney,3563,3563
Bruce Alan McClain,3564,3564
Suzanne McClelland,3565,3565
Byron McClintock,3566,3566
Allan McCollum,3567,3567
Bruce McCombs,3568,3568
David McCosh,3569,3569
Ann McCoy,3570,3570
John McCracken,3571,3571
"David McDermott, Peter McGough",3572,3572
McDermott & McGough,3573,3573
Barrie McDowell,3574,3574
Josiah McElheny,3575,3575
Adam McEwen,3576,3576
Henry Lee McFee,3577,3577
James McGarrell,3578,3578
Dominic McGill,3579,3579
Ryan McGinley,3580,3580
"Gene Davis, Douglas Davis, Ed McGowin, Michael Clark",3581,3581
Ed McGowin,3582,3582
Conor McGrady,3583,3583
Kelly McLane,3584,3584
Mary Ellen Bute,3585,3585
Gerald McLaughlin,3586,3586
John McLaughlin,3587,3587
Richard McLean,3588,3588
Paul McMahon,3589,3589
Judith McMillan,3590,3590
Mildred McMillen,3591,3591
Ryan McNamara,3592,3592
George McNeil,3593,3593
William C. McNulty,3594,3594
Craig McPherson,3595,3595
Clement L. Meadmore,3596,3596
Amanda Means,3597,3597
Ralph Eugene Meatyard,3598,3598
Austin Mecklem,3599,3599
Josephine Meckseper,3600,3600
Dean Meeker,3601,3601
Julie Mehretu,3602,3602
Howard Mehring,3603,3603
Susan Meiselas,3604,3604
Jonas Mekas,3605,3605
Robert Melee,3606,3606
Sean Mellyn,3607,3607
Paul R. Meltsner,3608,3608
Ana Mendieta,3609,3609
Edward Meneeley,3610,3610
Zygmunt Menkes,3611,3611
Will Mentor,3612,3612
Herman Menzel,3613,3613
Salvatore Samuel Meo,3614,3614
Richard Merkin,3615,3615
Frederick Mershimer,3616,3616
Roger Mertin,3617,3617
Deborah Mesa-Pelly,3618,3618
Arnold Mesches,3619,3619
Hugh Mesibov,3620,3620
Sam Messer,3621,3621
Ray K. Metzker,3622,3622
Anne Norton Meyer,3623,3623
Felicia Meyer,3624,3624
Herbert Meyer,3625,3625
Joel Meyerowitz,3626,3626
William Meyerowitz,3627,3627
MICA-TV,3628,3628
Duane Michals,3629,3629
Jean-Baptiste Michel,3630,3630
Eric Michelson,3631,3631
Diana Michener,3632,3632
Jason Middlebrook,3633,3633
Sam Middleton,3634,3634
Walter Midener,3635,3635
Willard F. Midgette,3636,3636
Eleanore Mikus,3637,3637
Wardell Milan,3638,3638
Jeanne Miles,3639,3639
Brenda Miller,3640,3640
Earle Miller,3641,3641
Harriette G. Miller,3642,3642
John E. Miller,3643,3643
Judith Suzanne Miller,3644,3644
Kenneth Hayes Miller,3645,3645
Larry Miller,3646,3646
Paul D. Miller,3647,3647
Edward Millman,3648,3648
Wes Mills,3649,3649
Lee Mingwei,3650,3650
Marilyn Minter,3651,3651
Harry Mintz,3652,3652
Raymond August Mintz,3653,3653
Antoni Miralda,3654,3654
Aleksandra Mir,3655,3655
Helen Mirra,3656,3656
Richard Misrach,3657,3657
Bruce Mitchell,3658,3658
Joan Mitchell,3659,3659
George Miyasaki,3660,3660
Tad Miyashita,3661,3661
Toyo Miyatake,3662,3662
Lisette Model,3663,3663
Andrea Modica,3664,3664
Donald Moffett,3665,3665
Langston Moffett,3666,3666
Ross Moffett,3667,3667
Monica Mohan,3668,3668
László Moholy-Nagy,3669,3669
Robert Moir,3670,3670
Molla,3671,3671
Hans Moller,3672,3672
Dianna Molzan,3673,3673
Lucas Monaco,3674,3674
Meredith Monk,3675,3675
Andrew Moore,3676,3676
Bruce Moore,3677,3677
Claire Moore,3678,3678
Frank Moore,3679,3679
Justin Moore,3680,3680
Julie Moos,3681,3681
Tom Moran,3682,3682
Hermon More,3683,3683
Abelardo Morell,3684,3684
Herbert Morgan,3685,3685
Maud Morgan,3686,3686
Norma Gloria Morgan,3687,3687
Randall Morgan,3688,3688
Yasumasa Morimura,3689,3689
Miho Morinoue,3690,3690
Malcolm Morley,3691,3691
Carl Morris,3692,3692
George L. K. Morris,3693,3693
John Morris,3694,3694
Kyle Morris,3695,3695
David H. Morrison,3696,3696
George Morrison,3697,3697
Robert Morris,3698,3698
Mark Morrisroe,3699,3699
Aaron Morse,3700,3700
Ree Morton,3701,3701
Ralph Moseley,3702,3702
Simon Moselsio,3703,3703
Ed Moses,3704,3704
Ira Moskowitz,3705,3705
Robert Moskowitz,3706,3706
Robert Motherwell,3707,3707
"Archibald John Motley, Jr.",3708,3708
Jeanne Moutoussamy-Ashe,3709,3709
Donna Moylan,3710,3710
Seong Moy,3711,3711
George Mueller,3712,3712
Stephen Mueller,3713,3713
Carter Mull,3714,3714
"John Mullen III, Mark Bradford",3715,3715
Dave Muller,3716,3716
Jan Müller,3717,3717
Karin Apollonia Müller,3718,3718
Matt Mullican,3719,3719
Martin Mull,3720,3720
Colleen Mulrenan,3721,3721
Vik Muniz,3722,3722
Hiroshi Murata,3723,3723
Walter Murch,3724,3724
Arthur G. Murphy,3725,3725
Catherine Murphy,3726,3726
Gerald Murphy,3727,3727
John J. A. Murphy,3728,3728
M. Lois Murphy,3729,3729
Elizabeth Murray,3730,3730
Judith Murray,3731,3731
Julie Murray,3732,3732
Robert Murray,3733,3733
Greg Murr,3734,3734
Wangechi Mutu,3735,3735
Jerome Myers,3736,3736
Gaston Lachaise,3737,3737
"Slater Bradley, Ed Lachman",3738,3738
Rachel Lachowicz,3739,3739
Suzanne Lacy,3740,3740
Cheryl Laemmle,3741,3741
Bancel La Farge,3742,3742
Richard Lahey,3743,3743
Gerald Laing,3744,3744
Alix Lambert,3745,3745
David Lamelas,3746,3746
Leroy Lamis,3747,3747
Jennett Lam,3748,3748
Andrew Lampert,3749,3749
Paul Landacre,3750,3750
Jacob Landau,3751,3751
Armin Landeck,3752,3752
Sean Landers,3753,3753
Ronnie Landfield,3754,3754
Edward Landon,3755,3755
Vytautas Landsbergis,3756,3756
Stanley Landsman,3757,3757
Lois Lane,3758,3758
Dorothea Lange,3759,3759
Bernard Langlais,3760,3760
Thomas Lanigan-Schmidt,3761,3761
Edward Laning,3762,3762
J.J. Lankes,3763,3763
Terence La Noue,3764,3764
Michael Lantz,3765,3765
Michael A. Lantz,3766,3766
Ellen Lanyon,3767,3767
Liz Larner,3768,3768
Laura Larson,3769,3769
Mauricio Lasansky,3770,3770
Liz Magic Laser,3771,3771
Jonathan Lasker,3772,3772
Joseph  L. Lasker,3773,3773
Ibram Lassaw,3774,3774
Elad Lassry,3775,3775
Paul Laster,3776,3776
Barbara Latham,3777,3777
Evelyn H. Lauder,3778,3778
Judith Glickman Lauder,3779,3779
Sidney Laufman,3780,3780
Alice D. Laughlin,3781,3781
"Bernadette Corporation, Laumont Editions",3782,3782
Laura McPhee and Virginia Beahan,3783,3783
Robert Laurent,3784,3784
Rex Lau,3785,3785
Louise Lawler,3786,3786
Jacob Lawrence,3787,3787
Deana Lawson,3788,3788
Ernest Lawson,3789,3789
Elizabeth [Grandma] Layton,3790,3790
Pietro Lazzari,3791,3791
Blanche Lazzell,3792,3792
June Leaf,3793,3793
An-My Lê,3794,3794
William Leavitt,3795,3795
Rico Lebrun,3796,3796
Charles LeDray,3797,3797
Arthur Lee,3798,3798
Colin Loy Lee,3799,3799
Jungjin Lee,3800,3800
"Peter Coffin, Daniel Lefcourt, Jim Drain, Anna Craycroft",3801,3801
Daniel Lefcourt,3802,3802
Gerson Leiber,3803,3803
Abby Leigh,3804,3804
Mel Leipzig,3805,3805
Saul Leiter,3806,3806
Michael Lekakis,3807,3807
Annette Lemieux,3808,3808
William L'Engle,3809,3809
Devin Wayne Leonardi,3810,3810
Zoe Leonard,3811,3811
Leone & Macdonald,3812,3812
Leonid,3813,3813
"Robert Frank, Alfred Leslie",3814,3814
Alfred Leslie,3815,3815
Howard Lester,3816,3816
Julian Lethbridge,3817,3817
Barry Le Va,3818,3818
John Levee,3819,3819
Julian Levi,3820,3820
Erik Levine,3821,3821
Jack Levine,3822,3822
Les Levine,3823,3823
Sherrie Levine,3824,3824
Tom Levine,3825,3825
Mikael Levin,3826,3826
Morton D. Levin,3827,3827
Mon Levinson,3828,3828
Leon Levinstein,3829,3829
David Levinthal,3830,3830
Herschel Levit,3831,3831
Helen Levitt,3832,3832
Edgar Levy,3833,3833
Edmund D. Lewandowski,3834,3834
Martin Lewis,3835,3835
Norman Lewis,3836,3836
Sam Lewitt,3837,3837
Sol LeWitt,3838,3838
Alexander Liberman,3839,3839
L. Jean Liberte,3840,3840
Roy Lichtenstein,3841,3841
Siobhan Liddell,3842,3842
Jerome Liebling,3843,3843
Glenn Ligon,3844,3844
Ligorano/Reese,3845,3845
Russell Limbach,3846,3846
Richard Lindner,3847,3847
Evan Lindquist,3848,3848
Judith Linhares,3849,3849
Judy Linn,3850,3850
Kalup Linzy,3851,3851
Jacques Lipchitz,3852,3852
Peter Lipman-Wulf,3853,3853
Richard Lippold,3854,3854
Donald Lipski,3855,3855
Pat Lipsky,3856,3856
Seymour Lipton,3857,3857
Hung Liu,3858,3858
Elliott Lloyd,3859,3859
Frank Lobdell,3860,3860
Robert Lobe,3861,3861
Charles Locke,3862,3862
Robert Lockhart,3863,3863
Sharon Lockhart,3864,3864
John Ward Lockwood,3865,3865
Michael Loew,3866,3866
Juan Logan,3867,3867
Jane Marie Logemann,3868,3868
Mark Lombardi,3869,3869
Charles Long,3870,3870
Melissa Longhi,3871,3871
"John Cage, Lois Long",3872,3872
Robert Longo,3873,3873
Vincent Longo,3874,3874
Fred Lonidier,3875,3875
Dolia Lorian,3876,3876
John Loring,3877,3877
Los Carpinteros,3878,3878
Sharon Louden,3879,3879
Morris Louis,3880,3880
Liza Lou,3881,3881
Jim Love,3882,3882
Whitfield Lovell,3883,3883
Alvin Loving,3884,3884
Nat Lowell,3885,3885
Jackson Mac Low,3886,3886
Nate Lowman,3887,3887
Lee Lozano,3888,3888
Louis Lozowick,3889,3889
Bruno Lucchesi,3890,3890
Molly Luce,3891,3891
Mary Lucier,3892,3892
Luigi Lucioni,3893,3893
Florence Lucius,3894,3894
Eugene Ludins,3895,3895
Sven Lukin,3896,3896
George Luks,3897,3897
David Lund,3898,3898
Helen Lundeberg,3899,3899
Nan Lurie,3900,3900
Deborah Luster,3901,3901
Vera Lutter,3902,3902
Gwen Creighton Lux,3903,3903
Agnes Lyall,3904,3904
Scott Lyall,3905,3905
Len Lye,3906,3906
Danny Lyon,3907,3907
Reuben Kadish,3908,3908
Brad Kahlhamer,3909,3909
Wolf Kahn,3910,3910
Wyatt Kahn,3911,3911
Jacob Kainen,3912,3912
Ray Kaiser,3913,3913
Luise Kaish,3914,3914
Herbert Kallem,3915,3915
Jean Kallina,3916,3916
Craig Kalpakjian,3917,3917
Stephen Kaltenbach,3918,3918
Ben Kamihira,3919,3919
Y.Z. Kami,3920,3920
Gerome Kamrowski,3921,3921
John Kane,3922,3922
Ik-Joong Kang,3923,3923
Howard Kanovitz,3924,3924
Morris Kantor,3925,3925
Jerome Kaplan,3926,3926
Philip Kappel,3927,3927
Allan Kaprow,3928,3928
Bernard Karfiol,3929,3929
Andrew B. Karoly,3930,3930
Dawn Kasper,3931,3931
Deborah Kass,3932,3932
Barbara Kasten,3933,3933
Kate Ericson and Mel Ziegler,3934,3934
Alex Katz,3935,3935
Alexander Raymond Katz,3936,3936
Leo Katz,3937,3937
Herbert Katzman,3938,3938
Craig Kauffman,3939,3939
Donald Kaufman,3940,3940
Jane Kaufman,3941,3941
Robert D. Kaufmann,3942,3942
Tauno Kauppi,3943,3943
On Kawara,3944,3944
Nathaniel Kaz,3945,3945
James Kearns,3946,3946
Jerry Kearns,3947,3947
Ezra Jack Keats,3948,3948
Matt Keegan,3949,3949
Keiko Narahashi,3950,3950
Steve Keister,3951,3951
Henry G. Keller,3952,3952
Martha Keller,3953,3953
Mary Reid Kelley,3954,3954
Mike Kelley,3955,3955
Ellsworth Kelly,3956,3956
James Kelly,3957,3957
Leon Kelly,3958,3958
Mary Kelly,3959,3959
Robert Kelly,3960,3960
Paul Kelpe,3961,3961
John Kelsey,3962,3962
Mel Kendrick,3963,3963
M. Kennedy,3964,3964
Adaline Kent,3965,3965
Sister Corita Kent,3966,3966
Jane Kent,3967,3967
Rockwell Kent,3968,3968
Caitlin Keogh,3969,3969
Gyorgy Kepes,3970,3970
Lisa Kereszi,3971,3971
Richard Kern,3972,3972
Martin Kersels,3973,3973
André Kertész,3974,3974
Jon Kessler,3975,3975
Leonard Kester,3976,3976
Toba Khedoori,3977,3977
William Kienbusch,3978,3978
Edward Kienholz,3979,3979
Frederick Kiesler,3980,3980
Karen Kilimnik,3981,3981
Katherine Kimball,3982,3982
Byron Kim,3983,3983
Kimsooja,3984,3984
Dong Kingman,3985,3985
William King,3986,3986
Jonah Kinigstein,3987,3987
Robert Kinmont,3988,3988
Robert Kipniss,3989,3989
Lyman Kipp,3990,3990
Isabella Kirkland,3991,3991
Jules Kirschenbaum,3992,3992
R. B. Kitaj,3993,3993
Zak Kitnick,3994,3994
Kraemer Kittredge,3995,3995
Charles Klabunde,3996,3996
David Klamen,3997,3997
James Kleege,3998,3998
Earl Klein,3999,3999
Frank Kleinholz,5838,5838
William Klein,4001,4001
Mark Klett,4002,4002
Franz Kline,4003,4003
Josh Kline,4004,4004
Martin Kline,4005,4005
Clara Klinghoffer,4006,4006
Bengt af Klintberg,4007,4007
Georgina Klitgaard,4008,4008
Karl Knaths,4009,4009
Michael Knigin,4010,4010
Milan Knizak,4011,4011
Alison Knowles,4012,4012
Win Knowlton,4013,4013
John Koch,4014,4014
Lewis Koch,4015,4015
Florence Koehler,4016,4016
Janet Koenig,4017,4017
Henry Koerner,4018,4018
Jutta Koether,4019,4019
Ida Kohlmeyer,4020,4020
Gabriel Kohn,4021,4021
Misch Kohn,4022,4022
Terence Koh,4023,4023
Silvia Kolbowski,4024,4024
Uta Kollmann,4025,4025
Komar and Melamid,4026,4026
Bill Komodore,4027,4027
Joseph Konzal,4028,4028
Jeff Koons,4029,4029
Benjamin Kopman,4030,4030
Chaim Koppelman,4031,4031
Richard Koppe,4032,4032
"Svetlana Kopystiansky, Igor Kopystiansky",4033,4033
Victor Kord,4034,4034
"Takehisa Kosugi, Fluxus",4035,4035
Joseph Kosuth,4036,4036
Joyce Kozloff,4037,4037
Daniel Kramer,4038,4038
Lee Krasner,4039,4039
Peter Krasnow,4040,4040
Henry Kreis,4041,4041
Naomie Kremer,4042,4042
Irving Kriesberg,4043,4043
Harold Krisel,4044,4044
Leon Kroll,4045,4045
Barbara Kruger,4046,4046
Alexander Z. Kruse,4047,4047
Nicholas Krushenick,4048,4048
Kálmán Kubinyi,4049,4049
"Shigeko Kubota, Fluxus",4050,4050
Shigeko Kubota,4051,4051
Max Kuehne,4052,4052
Gary Kuehn,4053,4053
Walter Kuhlman,4054,4054
Walt Kuhn,4055,4055
Robert Kulicke,4056,4056
Yasuo Kuniyoshi,4057,4057
Lawrence Kupferman,4058,4058
Joseph Kurhajac,4059,4059
Justine Kurland,4060,4060
Kay Kurt,4061,4061
Yayoi Kusama,4062,4062
Robert Kushner,4063,4063
Alfredo Jaar,4064,4064
Emily Jacir,4065,4065
Bill Jacklin,4066,4066
Herb Jackson,4067,4067
Martin Jackson,4068,4068
Matthew Day Jackson,4069,4069
Ward Jackson,4070,4070
Abraham Jacobs,4071,4071
Harold Jacobs,4072,4072
Ken Jacobs,4073,4073
Bill Jacobson,4074,4074
Michael Jacobson-Hardy,4075,4075
Jeff Jacobson,4076,4076
William Jacobs,4077,4077
Yvonne Jacquette,4078,4078
Arthur Jafa,4079,4079
Gareth James,4080,4080
Terrell James,4081,4081
Cameron Jamie,4082,4082
Mitchell Jamieson,4083,4083
Aaron Flint Jamison,4084,4084
Christian Jankowski,4085,4085
Joel Janowitz,4086,4086
Valerie Jaudon,4087,4087
Jeff,4088,4088
Paul Jenkins,4089,4089
Ulysses Jenkins,4090,4090
Neil Jenney,4091,4091
Alfred J. Jensen,4092,4092
Bill Jensen,4093,4093
Gendron Jensen,4094,4094
Candy Jernigan,4095,4095
Jess,4096,4096
Luis Jimenez,4097,4097
Yun-Fei Ji,4098,4098
Chris Johanson,4099,4099
John Dogg,4100,4100
Jasper Johns,4101,4101
Ben Johnson,4102,4102
Buffie Johnson,4103,4103
Butt Johnson,4104,4104
Cletus Johnson,4105,4105
"Cletus Johnson, Robert Creeley",4106,4106
Grace Mott Johnson,4107,4107
Larry Johnson,4108,4108
Lester Johnson,4109,4109
Matt Johnson,4110,4110
Oliver Johnson,4111,4111
Rashid Johnson,4112,4112
Ray Johnson,4113,4113
Richard A. Johnson,4114,4114
William H. Johnson,4115,4115
Joan Jonas,4116,4116
Allen Jones,4117,4117
Benjamin Jones,4118,4118
Frank Jones,4119,4119
Joe Jones,4120,4120
Kim Jones,4121,4121
Philip Mallory Jones,4122,4122
Ronald Jones,4123,4123
Michael Joo,4124,4124
Kenneth Josephson,4125,4125
Roberto Juarez,4126,4126
Donald Judd,4127,4127
Charles Juhasz-Alvarado,4128,4128
Mervin Jules,4129,4129
Jamian Juliano-Villani,4130,4130
James Joseph Juszczyk,4131,4131
John Ihle,4132,4132
Robert Indiana,4133,4133
Will Insley,4134,4134
Dahlov Ipcar,4135,4135
Angelo Ippolito,4136,4136
"Abe Frajndlich, David Ireland",4137,4137
David Ireland,4138,4138
Robert Irwin,4139,4139
Lewis Iselin,4140,4140
Jamie Isenstein,4141,4141
Alex Israel,4142,4142
M. Israel,4143,4143
Margaret Israel,4144,4144
Marvin Israel,4145,4145
Naum Gabo,4146,4146
Carl Gaertner,4147,4147
Wanda Gag,4148,4148
Charles Gaines,4149,4149
Maureen Gallace,4150,4150
Cynthia Gallagher,4151,4151
Ellen Gallagher,4152,4152
"Ellen Gallagher, Edgar Cleijne",4153,4153
A.E. Gallatin,4154,4154
Frank Gallo,4155,4155
Sally Gall,4156,4156
Rainer Ganahl,4157,4157
Chitra Ganesh,4158,4158
Emil Ganso,4159,4159
Charles Garabedian,4160,4160
Daniel Garber,4161,4161
Tim Gardner,4162,4162
Jedd Garet,4163,4163
Amy Gartrell,4164,4164
Anna Gaskell,4165,4165
Lee Gatch,4166,4166
David Gatten,4167,4167
Victor Joseph Gatto,4168,4168
(Samuel) Wood Gaylor,4169,4169
GCC,4170,4170
Frances H. Gearhart,4171,4171
Sonia Gechtoff,4172,4172
Gerald K. Geerlings,4173,4173
Lynn Geesaman,4174,4174
Yun Gee,4175,4175
William Geis,4176,4176
Jan Gelb,4177,4177
Hugo Gellert,4178,4178
Todros Geller,4179,4179
Sandy Gellis,4180,4180
General Idea,4181,4181
Orly Genger,4182,4182
Paul Georges,4183,4183
Thomas George,4184,4184
E. Bart Gerald,4185,4185
Ava Gerber,4186,4186
Eugenie Gershoy,4187,4187
Vito Giacalone,4188,4188
Steven Gianakos,4189,4189
Larry Giannetino,4190,4190
Ralph Gibson,4191,4191
Sandra Gibson,4192,4192
Ruth Gikow,4193,4193
Helen Odell Gilbert,4194,4194
David James Gilhooly,4195,4195
Gregory Gillespie,4196,4196
Frank Gillette,4197,4197
Sam Gilliam,4198,4198
James Gill,4199,4199
Kate Gilmore,4200,4200
Allen Ginsberg,4201,4201
Edward Giobbi,4202,4202
Luis Gispert,4203,4203
Victoria Gitman,4204,4204
William Givler,4205,4205
William Glackens,4206,4206
Judy Glantzman,4207,4207
Fritz Glarner,4208,4208
Joseph M. Glasco,4209,4209
Milton Glaser,4210,4210
Philip Glass,4211,4211
Herbert W. Gleason,4212,4212
Carl Gliko,4213,4213
Henry J. Glintenkamp,4214,4214
Heidi Glück,4215,4215
Robert Gober,4216,4216
Lloyd Lozes Goff,4217,4217
Frank Gohlke,4218,4218
Anthony Goicolea,4219,4219
Ralph Ladell Goings,4220,4220
Jim Goldberg,4221,4221
Michael Goldberg,4222,4222
Rube Goldberg,4223,4223
David Goldes,4224,4224
Nan Goldin,4225,4225
Jack Goldstein,4226,4226
Milton Goldstein,4227,4227
Anne Goldthwaite,4228,4228
Leon Golub,4229,4229
Maite Gomez-Rejón,4230,4230
Wayne Gonzales,4231,4231
Felix Gonzalez-Torres,4232,4232
Xavier Gonzalez,4233,4233
Gerald Gooch,4234,4234
Joe Goode,4235,4235
Sidney Goodman,4236,4236
Minnetta Good,4237,4237
Robert Goodnough,4238,4238
John Goodyear,4239,4239
Ron Gorchov,4240,4240
Sidney Gordin,4241,4241
Janine Gordon,4242,4242
Robert Gordy,4243,4243
Boris Gorelick,4244,4244
Gianfranco Gorgoni,4245,4245
Arshile Gorky,4246,4246
April Gornik,4247,4247
"April Gornik, Julie D'Amario",4248,4248
John Gossage,4249,4249
Adolph Gottlieb,4250,4250
Harry Gottlieb,4251,4251
Emmet Gowin,4252,4252
V. Bianca Grace,4253,4253
Charles Grafly,4254,4254
Dan Graham,4255,4255
Ellwood Graham,4256,4256
Gloria Graham,4257,4257
John D. Graham,4258,4258
Paul Graham,4259,4259
Robert Graham,4260,4260
Rodney Graham,4261,4261
"Amy Granat, Drew Heitzler",4262,4262
Katy Grannan,4263,4263
Gordon Hope Grant,4264,4264
Edward Mario Granville,4265,4265
Morris Graves,4266,4266
Nancy Graves,4267,4267
Cleve Gray,4268,4268
Robert Greco,4269,4269
Dorothea Greenbaum,4270,4270
Stanley Greenberg,4271,4271
Balcomb Greene,4272,4272
Gertrude Greene,4273,4273
Robert Greene,4274,4274
Stephen Greene,4275,4275
Timothy Greenfield-Sanders,4276,4276
Gregory Green,4277,4277
Kenneth Lee Greenleaf,4278,4278
Renée Green,4279,4279
Mark Greenwold,4280,4280
Marion Greenwood,4281,4281
William K. Greiner,4282,4282
Jack J. Greitzer,4283,4283
Joel Grey,4284,4284
John Griefen,4285,4285
Scott Grieger,4286,4286
Kojo Griffin,4287,4287
Joseph Grigely,4288,4288
John Grillo,4289,4289
Peter Grippe,4290,4290
Salvatore William Grippi,4291,4291
Gronk,4292,4292
Red Grooms,4293,4293
Jan Groover,4294,4294
William Gropper,4295,4295
Chaim Gross,4296,4296
James Gross,4297,4297
Nancy Grossman,4298,4298
Sid Grossman,4299,4299
Sidney Gross,4300,4300
Robert Grosvenor,4301,4301
George Grosz,4302,4302
Virgil William Grotfeldt,4303,4303
Jan Groth,4304,4304
Mark Grotjahn,4305,4305
Group Material,4306,4306
Beatrice Beard Grover,4307,4307
Alex Gruen,4308,4308
Evan Gruzis,4309,4309
José Guerrero,4310,4310
Guerrilla Girls,4311,4311
Louis Guglielmi,4312,4312
Bernar Gussow,4313,4313
Roy Gussow,4314,4314
Philip Guston,4315,4315
Wade Guyton,4316,4316
Guyton\Walker,4317,4317
Robert Gwathmey,4318,4318
Alfeo Faggi,4319,4319
Loretta Fahrenholz,4320,4320
Claire Falkenstein,4321,4321
Gary Falk,4322,4322
Manny Farber,4323,4323
Jerry Farnsworth,4324,4324
Omer Fast,4325,4325
Louis Faurer,4326,4326
Dean Fausett,4327,4327
John S. Fawcett,4328,4328
Vincent Fecteau,4329,4329
Joe Feddersen,4330,4330
Paul Feeley,4331,4331
Tony Feher,4332,4332
Andreas Feininger,4333,4333
Lyonel Feininger,4334,4334
Nicole Phungrasamee Fein,4335,4335
Skylar Fein,4336,4336
Lorser Feitelson,4337,4337
Robert Fenz,4338,4338
Herbert Ferber,4339,4339
Duncan Ferguson,4340,4340
Jackie Ferrara,4341,4341
John Ferren,4342,4342
Rafael Ferrer,4343,4343
Hugh Ferriss,4344,4344
Louis G. Ferstadt,4345,4345
Jorge Fick,4346,4346
Ernest Fiene,4347,4347
Paul Fiene,4348,4348
Mary Fife,4349,4349
Tully Filmus,4350,4350
Keith Finch,4351,4351
Spencer Finch,4352,4352
Lois Fine,4353,4353
Perle Fine,4354,4354
Don Fink,4355,4355
Larry Fink,4356,4356
Sheldon Fink,4357,4357
Howard Finster,4358,4358
Joseph Fiore,4359,4359
Dan Fischer,4360,4360
R.M. Fischer,4361,4361
Robert Fischer,4362,4362
Eric Fischl,4363,4363
Morgan Fisher,4364,4364
Vernon Fisher,4365,4365
Janet Fish,4366,4366
Steve Fitch,4367,4367
Grancel Fitz,4368,4368
George Fitzpatrick,4369,4369
Tony FitzPatrick,4370,4370
Audrey Flack,4371,4371
John B. Flannagan,4372,4372
Dan Flavin,4373,4373
Jacques Flechemuller,4374,4374
Adolf R. Fleischmann,4375,4375
Richard Fleischner,4376,4376
Jesse R. Fleming,4377,4377
Harrell Fletcher,4378,4378
Roland Flexner,4379,4379
Joseph Floch,4380,4380
Michael Flomen,4381,4381
Richard A. Florsheim,4382,4382
"George Brecht, Fluxus",4383,4383
"John Chick, Fluxus",4384,4384
Fluxus,4385,4385
"Geoffrey Hendricks, Fluxus",4386,4386
Glen Fogel,4387,4387
Seymour Fogel,4388,4388
Cornelia M. Foley,4389,4389
Jean Follett,4390,4390
Caio Fonseca,4391,4391
Fernand Fonssagrives,4392,4392
"John H. Foote, Jr.",4393,4393
Donald Forbes,4394,4394
Forcefield,4395,4395
Charles Henri Ford,4396,4396
Walton Ford,4397,4397
James A. Forsberg,4398,4398
Simone Forti,4399,4399
Llyn Foulkes,4400,4400
Mark Fox,4401,4401
Gray Foy,4402,4402
Walter K. Frame,4403,4403
Hollis Frampton,4404,4404
Sam Francis,4405,4405
Frederick Franck,4406,4406
Helen Frankenthaler,4407,4407
Mary Frank,4408,4408
Natalie Frank,4409,4409
Robert Frank,4410,4410
Thomas Fransioli,4411,4411
Antonio Frasconi,4412,4412
Andrea Fraser,4413,4413
Charles Frazier,4414,4414
Ernest Frazier,4415,4415
LaToya Ruby Frazier,4416,4416
Susan Frazier,4417,4417
Suzan Frecon,4418,4418
David Fredenthal,4419,4419
Hermine Freed,4420,4420
William Freed,4421,4421
Karl Free,4422,4422
Don Freeman,4423,4423
Mark Freeman,4424,4424
Jane Freilicher,4425,4425
Suzy Frelinghuysen,4426,4426
Daniel Chester French,4427,4427
Jared French,4428,4428
Viola Frey,4429,4429
Brian Fridge,4430,4430
Elias Friedensohn,4431,4431
Lee Friedlander,4432,4432
"Lee Friedlander, Jim Dine",4433,4433
Arnold Friedman,4434,4434
Dara Friedman,4435,4435
Ken Friedman,4436,4436
Tom Friedman,4437,4437
Robert Fried,4438,4438
Zipora Fried,4439,4439
Paul Froelich,4440,4440
Brian Frye,4441,4441
Sherry Fry,4442,4442
Carl Fudge,4443,4443
R. Buckminster Fuller,4444,4444
Sue Fuller,4445,4445
Karel Funk,4446,4446
Barnaby Furnas,4447,4447
Adam Fuss,4448,4448
Victoria Fu,4449,4449
Luis Eades,4450,4450
Abastenia St. Leger Eberle,4451,4451
Shannon Ebner,4452,4452
Ala Ebtekar,4453,4453
Kerr Eby,4454,4454
Ruth Eckstein,4455,4455
Don Eddy,4456,4456
Hock E Aye Vi Edgar Heap of Birds,4457,4457
Neil Edge,4458,4458
Harold Edgerton,4459,4459
Stuart Edie,4460,4460
Leonard Edmondson,4461,4461
Jeff Edwards,4462,4462
Melvin Edwards,4463,4463
William Eggleston,4464,4464
Louis M. Eilshemius,4465,4465
Nicole Eisenman,4466,4466
Sally Elesby,4467,4467
Jacob El Hanani,4468,4468
Elise,4469,4469
Ronnie Elliott,4470,4470
Van Elliott,4471,4471
Jeff Elrod,4472,4472
Herzl Emanuel,4473,4473
Elizabeth Enders,4474,4474
Harry Engel,4475,4475
Robert Engman,4476,4476
Mitch Epstein,4477,4477
T.R. Ericsson,4478,4478
Thomas Erma,4479,4479
Jimmy Ernst,4480,4480
Wharton Esherick,4481,4481
Barbara Ess,4482,4482
Inka Essenhigh,4483,4483
Tomás Esson,4484,4484
Richard Estes,4485,4485
Lee Etheredge IV,4486,4486
Roe Ethridge,4487,4487
Emlen Etting,4488,4488
Churchill Ettinger,4489,4489
Minnie Evans,4490,4490
Terry Evans,4491,4491
Walker Evans,4492,4492
Philip Evergood,4493,4493
Fred Eversley,4494,4494
Kevin Jerome Everson,4495,4495
Gabriele Evertz,4496,4496
Wendy Ewald,4497,4497
Louise Dahl-Wolfe,4498,4498
Lewis C. Daniel,4499,4499
Jerry Dantzic,4500,4500
Nassos Daphnis,4501,4501
Allan D'Arcangelo,4502,4502
Henry Darger,4503,4503
Andrew Dasburg,4504,4504
David Cannon Dashiell,4505,4505
N. Dash,4506,4506
Das Institut,4507,4507
A. Mark Datz,4508,4508
James Daugherty,4509,4509
Moyra Davey,4510,4510
Randall Davey,4511,4511
Bruce Davidson,4512,4512
Jo Davidson,4513,4513
Arthur B. Davies,4514,4514
Kenneth Davies,4515,4515
Bradley Darius Davis,4516,4516
Douglas Davis,4517,4517
Emma Lu Davis,4518,4518
Gene Davis,4519,4519
Gerald Davis,4520,4520
Hubert Davis,4521,4521
Lynn Davis,4522,4522
Ronald Wendel Davis,4523,4523
Stuart Davis,4524,4524
Taylor Davis,4525,4525
Tim Davis,4526,4526
Manierre Dawson,4527,4527
E.V. Day,4528,4528
John Day,4529,4529
Worden Day,4530,4530
Joe Deal,4531,4531
Stephen Dean,4532,4532
Sue DeBeer,4533,4533
Roy DeCarava,4534,4534
Peter Dechar,4535,4535
Lindsey Decker,4536,4536
Guy de Cointet,4537,4537
José de Creeft,4538,4538
Julio de Diego,4539,4539
John de Fazio,4540,4540
"Wallace Berman, Jay DeFeo",4541,4541
Jay DeFeo,4542,4542
Roy De Forest,4543,4543
Adolf Dehn,4544,4544
Dorothy Dehner,4545,4545
Willem de Kooning,4546,4546
Elaine de Kooning,4547,4547
Beauford Delaney,4548,4548
Tony Delap,4549,4549
Jeremy Deller,4550,4550
Elizabeth Delson,4551,4551
Walter De Maria,4552,4552
John Stockton deMartelly,4553,4553
Charles Demuth,4554,4554
Agnes Denes,4555,4555
"Robert De Niro, Sr.",4556,4556
Douglas Denniston,4557,4557
Brett De Palma,4558,4558
Maya Deren,4559,4559
Koren Der Harootian,4560,4560
Willem de Ridder,4561,4561
José de Rivera,4562,4562
Jimmy DeSana,4563,4563
Liz Deschenes,4564,4564
Arthur Deshaies,4565,4565
David Deutsch,4566,4566
Lucinda Devlin,4567,4567
Thomas W. Dewing,4568,4568
Dexter Sinister,4569,4569
Thornton Dial,4570,4570
Jessica Diamond,4571,4571
Martha Diamond,4572,4572
David Diao,4573,4573
Steve DiBenedetto,4574,4574
Edwin Dickinson,4575,4575
Preston Dickinson,4576,4576
Jane Dickson,4577,4577
Philip-Lorca diCorcia,4578,4578
Richard Diebenkorn,4579,4579
Hunt Diederich,4580,4580
Nicholas Di Genova,4581,4581
Burgoyne Diller,4582,4582
Lesley Dill,4583,4583
Dominick Di Meo,4584,4584
Jim Dine,4585,4585
Kim Dingle,4586,4586
Harvey Dinnerstein,4587,4587
Mark Dion,4588,4588
Nathaniel Dirk,4589,4589
DIS,4590,4590
Annegret Disterheft,4591,4591
Mark di Suvero,4592,4592
John Divola,4593,4593
James Budd Dixon,4594,4594
Alexander Dobkin,4595,4595
Lamar Dodd,4596,4596
Lois Dodd,4597,4597
Alex Dodge,4598,4598
Tomory Dodge,4599,4599
Burhan Dogançay,4600,4600
Stevan Dohanos,4601,4601
Eileen Doman,4602,4602
Enrico Donati,4603,4603
Michele Oka Doner,4604,4604
Thomas Donnelly,4605,4605
Trisha Donnelly,4606,4606
Tara Donovan,4607,4607
Daniella Dooling,4608,4608
Chris Dorland,4609,4609
Francisco Dosamantes,4610,4610
Doug and Mike Starn,4611,4611
Arthur Dove,4612,4612
James D. Dow,4613,4613
Rackstraw Downes,4614,4614
Thomas Downing,4615,4615
Otis Dozier,4616,4616
Christoph Draeger,4617,4617
James Drake,4618,4618
Peter Drake,4619,4619
Louis H. Draper,4620,4620
Katherine Dreier,4621,4621
Werner Drewes,4622,4622
Rosalyn Drexler,4623,4623
Elsie Driggs,4624,4624
Ellen Driscoll,4625,4625
Seymour Drumlevitch,4626,4626
Sally Hazelet Drummond,4627,4627
Moira Dryer,4628,4628
Lu Duble,4629,4629
Guy Pène Du Bois,4630,4630
"Edward Hopper, Guy Pène Du Bois",4631,4631
Marcel Duchamp,4632,4632
Don Dudley,4633,4633
John Duff,4634,4634
Edmund Duffy,4635,4635
John Dugdale,4636,4636
Charles Duncan,4637,4637
Carroll Dunham,4638,4638
Jeanne Dunning,4639,4639
Richard Dupont,4640,4640
David Dupuis,4641,4641
Jean Dupuy,4642,4642
Sam Durant,4643,4643
Ludvik Durchanek,4644,4644
Ben Durham,4645,4645
Jimmie Durham,4646,4646
Caroline Durieux,4647,4647
Mabel Dwight,4648,4648
Mario Dyyon,4649,4649
Marcel Dzama,4650,4650
Friedel Dzubas,4651,4651
Paul Cadmus,4652,4652
Doris Caesar,4653,4653
Debbie Fleming Caffery,4654,4654
John Cage,4655,4655
Peter Cain,4656,4656
Ernesto Caivano,4657,4657
Charles Cajori,4658,4658
Ingrid Calame,4659,4659
Letterio Calapai,4660,4660
Lawrence Calcagno,4661,4661
Alexander Calder,4662,4662
Alexander Stirling Calder,4663,4663
Harry Callahan,4664,4664
Kenneth Callahan,4665,4665
Mary Callery,4666,4666
Sophie Calle,4667,4667
Jean Calogero,4668,4668
Javier Cambre,4669,4669
Cameron,4670,4670
Robin Cameron,4671,4671
Peter Cammarata,4672,4672
Luis Camnitzer,4673,4673
Alice Campbell,4674,4674
Beth Campbell,4675,4675
Blendon Campbell,4676,4676
Charles Campbell,4677,4677
Jim Campbell,4678,4678
Kenneth Campbell,4679,4679
Maria Magdalena Campos-Pons,4680,4680
Peter Campus,4681,4681
John Canaday,4682,4682
Vincent Canade,4683,4683
Victor Candell,4684,4684
Jane Canfield,4685,4685
Rhys Caparn,4686,4686
Robert Capa,4687,4687
Suzanne Caporael,4688,4688
Kristin Capp,4689,4689
Ernst Caramelle,4690,4690
Carlos Cardenas,4691,4691
Sylvia Carewe,4692,4692
Ellen Carey,4693,4693
Martin Carey,4694,4694
Robert J. Cariola,4695,4695
Norman Carlberg,4696,4696
Arthur B. Carles,4697,4697
Nicolas Carone,4698,4698
John Carroll,4699,4699
Mary Ellen Carroll,4700,4700
Carter,4701,4701
Clarence Holbrook Carter,4702,4702
Norman Carton,4703,4703
Aldo Casanova,4704,4704
Edmond Casarella,4705,4705
James Casebere,4706,4706
Federico Castellón,4707,4707
James Castle,4708,4708
Rosana Castrillo Diaz,4709,4709
Antoine Catala,4710,4710
Elizabeth Catlett,4711,4711
Maurizio Cattelan,4712,4712
Giorgio Cavallon,4713,4713
Enrique Martinez Celaya,4714,4714
Daniel R. Celentano,4715,4715
Francis Celentano,4716,4716
Vija Celmins,4717,4717
Saint Clair Cemin,4718,4718
Mathew Cerletty,4719,4719
Sidney Chafetz,4720,4720
Enrique Chagoya,4721,4721
William Chaiken,4722,4722
John Chamberlain,4723,4723
Wynn Chamberlain,4724,4724
John E. Chandler,4725,4725
Patty Chang,4726,4726
Robert W. Chanler,4727,4727
Paul Chan,4728,4728
Chan Chao,4729,4729
James Chapin,4730,4730
Sarah Charlesworth,4731,4731
Jean Charlot,4732,4732
Elizabeth Chase,4733,4733
Louisa Chase,4734,4734
Asa Cheffetz,4735,4735
Ching Ho Cheng,4736,4736
Ian Cheng,4737,4737
Ayoka Chenzira,4738,4738
Marvin Cherney,4739,4739
Talia Chetrit,4740,4740
Carl Chiarenza,4741,4741
Giuseppe Chiari,4742,4742
Dale Chihuly,4743,4743
Bernard Childs,4744,4744
Lucinda Childs,4745,4745
Mel Chin,4746,4746
Peter Chinni,4747,4747
Theresa Chong,4748,4748
Seungho Cho,4749,4749
William Christenberry,4750,4750
Dan Christensen,4751,4751
Keith Christensen,4752,4752
Mike Christiana,4753,4753
Henning Christiansen,4754,4754
A.N. Christie,4755,4755
Albert Christ-Janer,4756,4756
Christo,4757,4757
William Christopher,4758,4758
Chryssa,4759,4759
Anne Chu,4760,4760
Y. David Chung,4761,4761
Sungwoo Chun,4762,4762
Leidy Churchman,4763,4763
Carmen Cicero,4764,4764
Nicolai Cikovsky,4765,4765
Minna Citron,4766,4766
Allan Clark,4767,4767
Claude Clark,4768,4768
John Clem Clarke,4769,4769
Larry Clark,4770,4770
Paul Lewis Clemens,4771,4771
Francesco Clemente,4772,4772
Dawn Clements,4773,4773
Pierre Clerk,4774,4774
Henry Clews,4775,4775
William Clift,4776,4776
Carroll Cloar,4777,4777
Chuck Close,4778,4778
Sue Coe,4779,4779
Patricia Coffie,4780,4780
Calvert Coggeshall,4781,4781
Arthur Cohen,4782,4782
Elaine Lustig Cohen,4783,4783
Jean Cohen,4784,4784
Jem Cohen,4785,4785
Mark Cohen,4786,4786
Max Arthur Cohn,4787,4787
Charles T. Coiner,4788,4788
Glenn O. Coleman,4789,4789
Dan Colen,4790,4790
Robert Colescott,4791,4791
Warrington Colescott,4792,4792
Willie Cole,4793,4793
Ed Colker,4794,4794
Anne Collier,4795,4795
"Anne Collier, Matthew Higgs",4796,4796
Papo Colo,4797,4797
Greg Colson,4798,4798
John N. Colt,4799,4799
Janet Compere,4800,4800
Susan Beck Conaway,4801,4801
George Condo,4802,4802
William Congdon,4803,4803
Lee Conklin,4804,4804
Bruce Conner,4805,4805
Linda Connor,4806,4806
Robert Conover,4807,4807
Tony Conrad,4808,4808
Gordon Cook,4809,4809
Howard Cook,4810,4810
Robert Cook,4811,4811
Miles Coolidge,4812,4812
Ian Cooper,4813,4813
John Coplans,4814,4814
William N. Copley,4815,4815
Edward Corbett,4816,4816
Jon Corbino,4817,4817
Lucille Corcos,4818,4818
william cordova,4819,4819
Corita,4820,4820
Joseph Cornell,4821,4821
Philip Corner,4822,4822
Richard Correll,4823,4823
Mary Corse,4824,4824
Eldzier Cortor,4825,4825
John Edward Costigan,4826,4826
Alan Cote,4827,4827
Benjamin Cottam,4828,4828
Keith Cottingham,4829,4829
Robert Cottingham,4830,4830
Jack Coughlin,4831,4831
Mary J. Coulter,4832,4832
Marianne Courville,4833,4833
Miguel Covarrubias,4834,4834
John Covert,4835,4835
Renée Cox,4836,4836
Petah Coyne,4837,4837
Douglas Craft,4838,4838
Jessica Craig-Martin,4839,4839
Konrad Cramer,4840,4840
Rollin Crampton,4841,4841
Ann Craven,4842,4842
Ralston Crawford,4843,4843
Herbert Creecy,4844,4844
Andrea Crespo,4845,4845
Gregory Crewdson,4846,4846
Arthur Crisp,4847,4847
Francis Criss,4848,4848
Susan Crocker,4849,4849
Ted Croner,4850,4850
Njideka Akunyili Crosby,4851,4851
Russell Crotty,4852,4852
Stephen Csoka,4853,4853
Charles Culver,4854,4854
Robert Cumming,4855,4855
David Cummings,4856,4856
E.E. Cummings,4857,4857
Ben Cunningham,4858,4858
Imogen Cunningham,4859,4859
Merce Cunningham,4860,4860
John Cunning,4861,4861
John Currin,4862,4862
John Steuart Curry,4863,4863
Howard G. Cushing,4864,4864
Lily Cushing,4865,4865
Brad Cushman,4866,4866
William Cushner,4867,4867
Bernadine Custer,4868,4868
Stefano Cusumano,4869,4869
Amy Cutler,4870,4870
Alice Baber,4871,4871
Lutz Bacher,4872,4872
Otto H. Bacher,4873,4873
Peggy Bacon,4874,4874
Darren Bader,4875,4875
Donald Baechler,4876,4876
John Baeder,4877,4877
Howard Baer,4878,4878
Jo Baer,4879,4879
Alex Bag,4880,4880
Trisha Baga,4881,4881
John Bageris,4882,4882
Malcolm Bailey,4883,4883
William Bailey,4884,4884
Eugenie Baizerman,4885,4885
Saul Baizerman,4886,4886
George Baker,4887,4887
Kristin Baker,4888,4888
Lamar Baker,4889,4889
Jozef G. Bakos,4890,4890
John Baldessari,4891,4891
Glen Baldridge,4892,4892
Jerry Ballaine,4893,4893
Chris Ballantyne,4894,4894
Alvin Baltrop,4895,4895
Lewis Baltz,4896,4896
Rina Banerjee,4897,4897
Walter Darby Bannard,4898,4898
Rudolf Baranik,4899,4899
Jared Bark,4900,4900
Richard Barnes,4901,4901
Robert Barnes,4902,4902
Will Barnet,4903,4903
Matthew Barney,4904,4904
Tina Barney,4905,4905
Hannelore Baron,4906,4906
Burt Barr,4907,4907
Victoria Barr,4908,4908
Robert Barry,4909,4909
James Barsness,4910,4910
Richmond Barthé,4911,4911
Frances Barth,4912,4912
Uta Barth,4913,4913
Jennifer Bartlett,4914,4914
Adam Bartos,4915,4915
Robert Bart,4916,4916
Joseph Bartscherer,4917,4917
Dan Basen,4918,4918
Hernan Bas,4919,4919
Leonard Baskin,4920,4920
Jean-Michel Basquiat,4921,4921
Joel Bass,4922,4922
David Bates,4923,4923
Eric Baudelaire,4924,4924
Mary Bauermeister,4925,4925
Harold Baumbach,4926,4926
Erica Baum,4927,4927
Mark Baum,4928,4928
Herbert Bayer,4929,4929
Ed Baynard,4930,4930
William Baziotes,4931,4931
Gifford R. Beal,4932,4932
Jack Beal,4933,4933
Dennis Beall,4934,4934
Bennett Bean,4935,4935
Romare Bearden,4936,4936
Cecil Beaton,4937,4937
George Beattie,4938,4938
John W. Beatty,4939,4939
John Beauchamp,4940,4940
Robert Beauchamp,4941,4941
Cecilia Beaux,4942,4942
Robert Beavers,4943,4943
"Bernd Becher, Hilla Becher",4944,4944
Robert Bechtle,4945,4945
Fred Becker,4946,4946
Bill Beckley,4947,4947
Ericka Beckman,4948,4948
Ford Beckman,4949,4949
William Beckman,4950,4950
Margit Beck,4951,4951
Robert Beck,4952,4952
Rosemarie Beck,4953,4953
José Bedia,4954,4954
William Ward Beecher,4955,4955
John Beerman,4956,4956
Miriam Beerman,4957,4957
David Bekker,4958,4958
Cecil C. Bell,4959,4959
E. Bell,4960,4960
Larry Bell,4961,4961
George Bellows,4962,4962
Lynda Benglis,4963,4963
Billy Al Bengston,4964,4964
Karl Stanley Benjamin,4965,4965
Ben Benn,4966,4966
Sadie Benning,4967,4967
Tom Benrimo,4968,4968
Frank W. Benson,4969,4969
Fletcher Benton,4970,4970
Thomas Hart Benton,4971,4971
Tamy Ben-Tor,4972,4972
Ben-Zion,4973,4973
James Beres,4974,4974
Ellen Berkenblit,4975,4975
Bernece Berkman,4976,4976
Ferenc Berko,4977,4977
Tony Berlant,4978,4978
Eugene Berman,4979,4979
Wallace Berman,4980,4980
Zeke Berman,4981,4981
Bernadette Corporation,4982,4982
Ruth Bernhard,4983,4983
Judith Bernstein,4984,4984
Sylvia Bernstein,4985,4985
Virginia Berresford,4986,4986
Jake Berthot,4987,4987
Harry Bertoia,4988,4988
Lina Bertucci,4989,4989
Linda Besemer,4990,4990
Walead Beshty,4991,4991
Forrest Bess,4992,4992
Joseph Beuys,4993,4993
Michael Bevilacqua,4994,4994
Dawoud Bey,4995,4995
Mary Beyt,4996,4996
Huma Bhabha,4997,4997
Natvar Bhavsar,4998,4998
Janice Biala,4999,4999
Pamela Bianco,5000,5000
Ashley Bickerton,5001,5001
George Biddle,5002,5002
Sydney Biddle,5003,5003
Mike Bidlo,5004,5004
Charles Biederman,5005,5005
David Bienstock,5006,5006
Natalie Bieser,5007,5007
Sanford Biggers,5008,5008
Humphrey Bilger,5009,5009
Henry Billings,5010,5010
S.F. Bilotti,5011,5011
Alexander M. Bing,5012,5012
Ilse Bing,5013,5013
McArthur Binion,5014,5014
Phillip Birch,5015,5015
Willie Birch,5016,5016
Colby Bird,5017,5017
Ingibjörg Birgisdóttir,5018,5018
August Robert Birmelin,5019,5019
Dara Birnbaum,5020,5020
Elmer Bischoff,5021,5021
Isabel Bishop,5022,5022
Richard E. Bishop,5023,5023
Rhona Bitner,5024,5024
Arnold Bittleman,5025,5025
Morris Blackburn,5026,5026
Ronald Bladen,5027,5027
Nell Blaine,5028,5028
Dike Blair,5029,5029
Jeremy Blake,5030,5030
Nayland Blake,5031,5031
Lucas Blalock,5032,5032
Arnold Blanch,5033,5033
Lucile Blanch,5034,5034
Isidro Blasco,5035,5035
Arbit Blatas,5036,5036
Alfred Blaustein,5037,5037
Ross Bleckner,5038,5038
Albert Bloch,5039,5039
Julius Bloch,5040,5040
Hyman Bloom,5041,5041
John Bloomshield,5042,5042
Oscar Bluemner,5043,5043
Norman Bluhm,5044,5044
Yuli Blumberg,5045,5045
Erwin Blumenfeld,5046,5046
Peter Blume,5047,5047
Jerome Blum,5048,5048
Seymour Boardman,5049,5049
Mel Bochner,5050,5050
Frank Boggs,5051,5051
Varujan Boghosian,5052,5052
Blythe Bohnen,5053,5053
Aaron Bohrod,5054,5054
Bruce Boice,5055,5055
Bill Bollinger,5056,5056
Roger Bolomey,5057,5057
Ilya Bolotowsky,5058,5058
Carman Bonanno,5059,5059
Lee Bontecou,5060,5060
Meghan Boody,5061,5061
Chakaia Booker,5062,5062
Power Boothe,5063,5063
Naomi Boretz,5064,5064
Adolphe Borie,5065,5065
Jonathan Borofsky,5066,5066
Louis Bosa,5067,5067
Richard Bosman,5068,5068
Dorr Bothwell,5069,5069
Jessica Arms Botke,5070,5070
Henry Botkin,5071,5071
Louis Bouché,5072,5072
Rene Bouche,5073,5073
Louise Bourgeois,5074,5074
Margaret Bourke-White,5075,5075
Nina Bovasso,5076,5076
Carol Bove,5077,5077
Harry Bowden,5078,5078
Gary Bower,5079,5079
Andrea Bowers,5080,5080
Julian Bowes,5081,5081
Frank Bowling,5082,5082
Stanley Boxer,5083,5083
Richard Boyce,5084,5084
Fiske Boyd,5085,5085
James W. Boynton,5086,5086
Paul Brach,5087,5087
Robert Brackman,5088,5088
Mark Bradford,5089,5089
David Bradley,5090,5090
Joe Bradley,5091,5091
Slater Bradley,5092,5092
David Bradshaw,5093,5093
George A. Bradshaw,5094,5094
Joe Brainard,5095,5095
Stan Brakhage,5096,5096
Glenn Branca,5097,5097
Matthew Brannon,5098,5098
Kerstin Brätsch,5099,5099
Ross Braught,5100,5100
George Brecht,5101,5101
Hans Breder,5102,5102
Robert Breer,5103,5103
Michael Brenner,5104,5104
Theodore Brenson,5105,5105
Marcel Breuer,5106,5106
Olaf Breuning,5107,5107
Harvey Breverman,5108,5108
William Brice,5109,5109
Marilyn Bridges,5110,5110
Ernest Briggs,5111,5111
Deborah Bright,5112,5112
Charles Brittin,5113,5113
Ann Brockman,5114,5114
Morris Broderson,5115,5115
Robert Broderson,5116,5116
Fritzi Brod,5117,5117
Gandy Brodie,5118,5118
Brodsky & Utkin,5119,5119
Lilly Brody,5120,5120
AA Bronson,5121,5121
Alexander Brook,5122,5122
Ellen Brooks,5123,5123
James Brooks,5124,5124
Stephanie Brooks,5125,5125
Jeff Brouws,5126,5126
Bolton Brown,5127,5127
Carlyle Brown,5128,5128
Cecily Brown,5129,5129
Byron Browne,5130,5130
George Elmer Browne,5131,5131
Rosalind Bengelsdorf Browne,5132,5132
James Brown,5133,5133
Joan Brown,5134,5134
Malcolm Brown,5135,5135
Marvin Brown,5136,5136
Melissa Brown,5137,5137
Roger Brown,5138,5138
Sonia Gordon Brown,5139,5139
Trisha Brown,5140,5140
Edward Bruce,5141,5141
The Bruce High Quality Foundation,5142,5142
Patrick Henry Bruce,5143,5143
Jack Brusca,5144,5144
Bernarda Bryson Shahn,5145,5145
Beverly Buchanan,5146,5146
Howard Buchwald,5147,5147
John Buck,5148,5148
Robert Buck,5149,5149
David Budd,5150,5150
Alice Standish Buell,5151,5151
Audrey Buller,5152,5152
Bullet Space,5153,5153
Wynn Bullock,5154,5154
Fritz Bultman,5155,5155
Louis Bunce,5156,5156
Charles Burchfield,5157,5157
Rudy Burckhardt,5158,5158
Jacob Burck,5159,5159
Chris Burden,5160,5160
Daniel Buren,5161,5161
Henri Burkhard,5162,5162
Hans Burkhardt,5163,5163
Paul Burlin,5164,5164
David Burliuk,5165,5165
Betty Burroughs,5166,5166
Bryson Burroughs,5167,5167
William Burroughs,5168,5168
Nancy Burson,5169,5169
Scott Burton,5170,5170
Edward Burtynsky,5171,5171
Peter Busa,5172,5172
Andrew Bush,5173,5173
Kenneth Wayne Bushnell,5174,5174
Andrew Butler,5175,5175
Deborah Butterfield,5176,5176
John Button,5177,5177
James Lee Byars,5178,5178
Dean Byington,5179,5179
David Byrne,5180,5180
Jacqueline Byrne,5181,5181
Michael Byron,5182,5182
Hans Haacke,5183,5183
Richard Haas,5184,5184
Ira Joel Haber,5185,5185
Howard Hack,5186,5186
Allan Hacklin,5187,5187
Jon Haddock,5188,5188
Dimitri Hadzi,5189,5189
Karl Haendel,5190,5190
Carol Haerer,5191,5191
Raoul Hague,5192,5192
Robert Beverly Hale,5193,5193
Carl Hall,5194,5194
Doug Hall,5195,5195
Peter Halley,5196,5196
Frederick G. Hall,5197,5197
Joellen Hall,5198,5198
Susan Hall,5199,5199
Samuel Halpert,5200,5200
Ann Hamilton,5201,5201
Juan Hamilton,5202,5202
Jonathan Hammer,5203,5203
Jane Hammond,5204,5204
David Hammons,5205,5205
Trenton Doyle Hancock,5206,5206
Mark Handforth,5207,5207
Thomas Handforth,5208,5208
Stephen Hannock,5209,5209
Robert Hansen,5210,5210
Duane Hanson,5211,5211
Hananiah Harari,5212,5212
Charles Harbutt,5213,5213
Marvin Harden,5214,5214
K8 Hardy,5215,5215
Tom Hardy,5216,5216
David Hare,5217,5217
Keith Haring,5218,5218
Minna Harkavy,5219,5219
Hilary Harkness,5220,5220
Andy Harman,5221,5221
Lily Harmon,5222,5222
Sharon Harper,5223,5223
Lyle Ashton Harris,5224,5224
Rachel Harrison,5225,5225
Abraham Harriton,5226,5226
George Overbury (Pop) Hart,5227,5227
Grace Hartigan,5228,5228
Marsden Hartley,5229,5229
Léon Hartl,5230,5230
Bertram Hartman,5231,5231
Rosella Hartman,5232,5232
David Hartt,5233,5233
Tommy Hartung,5234,5234
Kenneth Hartwell,5235,5235
Bessie Harvey,5236,5236
Ellen Harvey,5237,5237
Stuart Harwood,5238,5238
Herbert Haseltine,5239,5239
Ernest Haskell,5240,5240
Childe Hassam,5241,5241
Duayne Hatchett,5242,5242
Julius Hatofsky,5243,5243
Frederick Haucke,5244,5244
Fred Hauck,5245,5245
Clement Bernard Haupers,5246,5246
Joseph Havel,5247,5247
Tim Hawkinson,5248,5248
Richard Hawkins,5249,5249
Charles Hawthorne,5250,5250
David Haxton,5251,5251
Alex Hay,5252,5252
Palmer Hayden,5253,5253
Sharon Hayes,5254,5254
Nancy Haynes,5255,5255
Stanley William Hayter,5256,5256
Art Hazelwood,5257,5257
Paul Heald,5258,5258
Milton Hebald,5259,5259
Albert Heckman,5260,5260
Deborah Hede,5261,5261
Gene Hedge,5262,5262
Charles Heidenreich,5263,5263
Mary Heilmann,5264,5264
Robert Heinecken,5265,5265
Arthur William Heintzelman,5266,5266
Mary Heisig,5267,5267
Michael Heizer,5268,5268
John Hejduk,5269,5269
Bruce Helander,5270,5270
Al Held,5271,5271
John Heliker,5272,5272
Helen West Heller,5273,5273
Robert Helm,5274,5274
Adam Helms,5275,5275
Barkley L. Hendricks,5276,5276
Geoffrey Hendricks,5277,5277
Jon Hendricks,5278,5278
Robert Henri,5279,5279
Harry Hering,5280,5280
Adriane Herman,5281,5281
Anthony Hernandez,5282,5282
Arturo Herrera,5283,5283
Carmen Herrera,5284,5284
George Herriman,5285,5285
Oliver Herring,5286,5286
Werner Herzog,5287,5287
Eva Hesse,5288,5288
Charles Hewitt,5289,5289
Corin Hewitt,5290,5290
Leslie Hewitt,5291,5291
Ken Heyman,5292,5292
Todd Hido,5293,5293
Christine Hiebert,5294,5294
Dick Higgins,5295,5295
Eugene Higgins,5296,5296
G. Edward Higgins,5297,5297
Matthew Higgs,5298,5298
Jene Highstein,5299,5299
Peter Hildebrand,5300,5300
Hilaire Hiler,5301,5301
Clinton Hill,5302,5302
Gary Hill,5303,5303
David Hilliard,5304,5304
Tim Hillis,5305,5305
Lewis Hine,5306,5306
Charles B. Hinman,5307,5307
Hiro,5308,5308
Albert Hirschfeld,5309,5309
Joseph Hirsch,5310,5310
Stefan Hirsch,5311,5311
David Hockney,5312,5312
Jim Hodges,5313,5313
Irwin David Hoffman,5314,5314
Margo Hoff,5315,5315
Hans Hofmann,5316,5316
Lisa Hoke,5317,5317
Tom Holland,5318,5318
Lonnie Holley,5319,5319
Evan Holloway,5320,5320
Christian Holstad,5321,5321
Nancy Holt,5322,5322
Carl Holty,5323,5323
Chuck Holtzman,5324,5324
Harry Holtzman,5325,5325
Jenny Holzer,5326,5326
Emil Holzhauer,5327,5327
Gerrit Hondius,5328,5328
Peregrine Honig,5329,5329
Dorothy Hood,5330,5330
Budd Hopkins,5331,5331
Dennis Hopper,5332,5332
Edward Hopper,5333,5333
Josephine Nivison Hopper,5334,5334
Roni Horn,5335,5335
Craigie Horsfield,5336,5336
Earl Horter,5337,5337
Walter Houmere,5338,5338
"James House, Jr.",5339,5339
Cecil de Blaquiere Howard,5340,5340
Charles Houghton Howard,5341,5341
Loretta Howard,5342,5342
Isabella Howland,5343,5343
Matt Hoyt,5344,5344
Alex Hubbard,5345,5345
Sedrick Huckaby III,5346,5346
Thomas Huck,5347,5347
Gary Hudson,5348,5348
Robert Hudson,5349,5349
Douglas Huebler,5350,5350
Manuel Hughes,5351,5351
Peter Hujar,5352,5352
John Hultberg,5353,5353
Ralph Humphrey,5354,5354
Jacqueline Humphries,5355,5355
Elliott Hundley,5356,5356
Marc Hundley,5357,5357
Bryan Hunt,5358,5358
Jim Huntington,5359,5359
Victoria Hutson Huntley,5360,5360
Richard Hunt,5361,5361
William Morris Hunt,5362,5362
Peter Hurd,5363,5363
Michael Hurson,5364,5364
Jessica Jackson Hutchins,5365,5365
Peter Hutchinson,5366,5366
Peter Hutton,5367,5367
Alfred Hutty,5368,5368
Pierre Huyghe,5369,5369
Nathan Hylden,5370,5370
Bas Jan Ader,5371,5371
Also-Gut,5372,5372
American Friends Service Committee,5373,5373
American Newsrepeat Company,5374,5374
American Program Bureau Television Network,5375,5375
Another Mother for Peace,5376,5376
Apparatus,5377,5377
ASCC,5378,5378
Atlanta Alliance for Peace,5379,5379
Bastian,5380,5380
Gina Beavers,5381,5381
Berkeley Graphic Arts,5382,5382
Cindy Bernard,5383,5383
Bevacqua,5384,5384
George A. Beyer,5385,5385
Jacques Bonnard,5386,5386
Book Rack Posters,5387,5387
Brian Bress,5388,5388
William Britt,5389,5389
Kathe Burkhart,5390,5390
Tom Burr,5391,5391
Lawrence Cameron,5392,5392
"Andrew Castrucci, Miguel Piñero",5393,5393
S.M. Dagenhart,5394,5394
Greg Daily,5395,5395
Ralph Alan Dale,5396,5396
Dambrosi,5397,5397
Jannos Dannavitz,5398,5398
DHFong,5399,5399
"Andrew Castrucci, Walter Sipser",5400,5400
Celestial Arts,5401,5401
Robert Cenedella,5402,5402
Clergy and Laymen Concerned,5403,5403
Nadia Coën,5404,5404
Committee for the Fall Offensive,5405,5405
Compass Points,5406,5406
Betzaida Concepcion,5407,5407
Ben Coonley,5408,5408
Liz Craft,5409,5409
Creative Signs Inc.,5410,5410
"Joseph Curran, T.J. Hallan",5411,5411
Lucy Dodd,5412,5412
Pat Ducey,5413,5413
Dungee Poster Co.,5414,5414
"E. C. Publications, Inc.",5415,5415
Emory,5416,5416
England Free Press,5417,5417
Episcopal Peace Fellowship,5418,5418
eraser's edge,5419,5419
Roberto Estopiñán,5420,5420
Fat City,5421,5421
John Fekner,5422,5422
"Avram Finkelstein, Vincent Gagliostro",5423,5423
Jim Fox,5424,5424
Fuerza,5425,5425
G-A Enterprises,5426,5426
Ja'Tovia Gary,5427,5427
Theaster Gates,5428,5428
"Gemini Rising, Inc.",5429,5429
Andrea Geyer,5430,5430
Jeremy Gilbert-Rolfe,5431,5431
"Day Gleeson, Dennis Thomas",5432,5432
Gordon-Howell,5433,5433
"Norman Griner, Steve Horn, Horn/Griner",5434,5434
"Norman Griner, Horn/Griner, Steve Horn",5435,5435
Harry Gross,5436,5436
Gross National Product,5437,5437
"H. Gustadt, K. Marsh",5438,5438
I.C.E.,5439,5439
Takahiko Iimura,5440,5440
Indochina Resource Center,5441,5441
International Poster Corp.,5442,5442
International Union of Students,5443,5443
Kelley,5444,5444
William Kent,5445,5445
"Edwin Klein, Paul Thek",5446,5446
Aidan Koch,5447,5447
Aris Koutroulis,5448,5448
Lady Pink,5449,5449
Tom Lafferty,5450,5450
"Lambert Studios, Inc.",5451,5451
Mernet Larsen,5452,5452
La Unión Internacional de Estudiantes,5453,5453
Sam Lawson,5454,5454
Maggie Lee,5455,5455
"Yoko Ono, John Lennon",5456,5456
"Paul Levin, 1949-",5457,5457
A. Lunsford,5458,5458
George Platt Lynes,5459,5459
Michael Lynne,5460,5460
Jared Madere,5461,5461
Calvin Marcus,5462,5462
Orion Martin,5463,5463
Peter Max,5464,5464
Win McCarthy,5465,5465
Melvin Marshall Associates,5466,5466
Metamorphosis,5467,5467
Lorna Mills,5468,5468
Mobilization by the Antioch Bookplate Co.,5469,5469
Mark Morris,5470,5470
Sam Moyer,5471,5471
Napalm Graphics,5472,5472
National Peace Action Coalition,5473,5473
"National Peace Action Coalition, Brian Shannon",5474,5474
"Dennis Newell, Terry Newell",5475,5475
New Mobilization Committee to End the War in Vietnam,5476,5476
New Mobilization-West,5477,5477
New York Vietnam Moratorium Committee,5478,5478
NOFX,5479,5479
Northern California Peace Action Coalition,5480,5480
Leonard Nunes,5481,5481
Orbit Graphic Arts,5482,5482
"Organization of Solidarity with the People of Asia, Africa and Latin America",5483,5483
Virginia Overton,5484,5484
Pandora Productions,5485,5485
Dan Patterson,5486,5486
Dunstan Perίera,5487,5487
"Personality Posters, Inc.",5488,5488
"Personality Posters of Canada, Ltd.",5489,5489
Don Peterson,5490,5490
Barry Plummer,5491,5491
Poster Originals Inc.,5492,5492
Poster Prints,5493,5493
"Posters, Inc.",5494,5494
"Pro-Arts, Inc.",5495,5495
Publie Par L’Union Internationale Des Etudiants,5496,5496
Pyramid,5497,5497
Will Sales,5498,5498
Santa Monica Moratorium Committee,5499,5499
Scandecor,5500,5500
Paul Mpagi Sepuya,5501,5501
Brian Shannon,5502,5502
Edmund Shea,5503,5503
Erin Shirreff,5504,5504
Signs of Our Time,5505,5505
"Leif Skoogfors, 1940-",5506,5506
Vincent D. Smith,5507,5507
SP/4 Vietnam,5508,5508
Josef Strau,5509,5509
Student and Youth for a People’s Peace,5510,5510
Student Mobilization Committee to End the War in Vietnam,5511,5511
Synergisms,5512,5512
"Paul Szep, 1941-",5513,5513
Walter Robinson,5514,5514
Red Rodriguez,5515,5515
Robert L. Ross,5516,5516
Cameron Rowland,5517,5517
Tea Lautrec Lithography,5518,5518
The Blindweed Press,5519,5519
The Boston Student Mobilization Committee,5520,5520
The Dirty Linen Corp.,5521,5521
the Gallery,5522,5522
The Guardian,5523,5523
The Old Mole,5524,5524
The Print Mint,5525,5525
The Union of Vietnamese in the United States,5526,5526
Torey Thornton,5527,5527
Three of the People,5528,5528
"Tribune Showprint, Inc.",5529,5529
Oscar Tuazon,5530,5530
Mierle Laderman Ukeles,5531,5531
United Women’s Contingent,5532,5532
Universal Poster Corp.,5533,5533
Unknown artist,5534,5534
Various artists,5535,5535
Vietnam Day Committee,5536,5536
Vietnam Peace Parade Committee,5537,5537
Vietnam Referendum '70,5538,5538
Vietnam Veterans Against the War/WSO,5539,5539
Barbara Y. Washam,5540,5540
D. W.,5541,5541
William Weege,5542,5542
Irving White,5543,5543
Robert Whitman,5544,5544
Letha Wilson,5545,5545
Wolf,5546,5546
Jan Wolkers,5547,5547
Women Strike for Peace,5548,5548
Ray Yoshida,5549,5549
Miriam Zizmor,5550,5550
Charles Csuri,5551,5551
Frederick Hammersley,5552,5552
Rafaël Rozendaal,5553,5553
Joan Truckenbrod,5554,5554
Siebren Versteeg,5555,5555
Raúl de Nieves,5556,5556
Sky Hopinka,5557,5557
Marlon Riggs,5558,5558
Bunny Rogers,5559,5559
Jeannette Montgomery Barron,5560,5560
Walter Price,5561,5561
Deborah Turbeville,5562,5562
Marlon Mullen,5563,5563
Sable Elyse Smith,5564,5564
Arch Connelly,5565,5565
Sophia Al-Maria,5566,5566
Beatriz Santiago Muñoz,5567,5567
Suellen Rocca,5568,5568
James Lavadour,5569,5569
Barbara T. Smith,5570,5570
Derrick Adams,5571,5571
Samuel Levi Jones,5572,5572
Gran Fury,5573,5573
Kyle Thurman,5574,5574
Marcia Hafif,5575,5575
Oto Gillen,5576,5576
Harold Ancart,5577,5577
Julien Nguyen,5578,5578
Aliza Nisenbaum,5579,5579
Juan Antonio Olivares,5580,5580
"Pierre Huyghe, Philippe Parreno",5581,5581
Ian Pedigo,5582,5582
Pruitt-Early,5583,5583
Puppies Puppies,5584,5584
Casey Reas,5585,5585
Jessi Reaves,5586,5586
Cauleen Smith,5587,5587
Ming Smith,5588,5588
Maya Stovall,5589,5589
Ricky Swallow,5590,5590
Ben Thorp Brown,5591,5591
Mary Ann Unger,5592,5592
Addie Wagenknecht,5593,5593
Jeff Whetstone,5594,5594
Andrew Norman Wilson,5595,5595
Saya Woolfalk,5596,5596
Jimmy Wright,5597,5597
Zarouhie Abdalian,5598,5598
Yuji Agematsu,5599,5599
Ivana Bašić,5600,5600
Richard Benson,5601,5601
Frances Bodomo,5602,5602
"Adebukola Buki Bodunrin, Ezra Claytan Daniels",5603,5603
Robin Bruch,5604,5604
Milano Chow,5605,5605
Sam Contis,5606,5606
"william cordova, Leslie Hewitt",5607,5607
Sari Dienes,5608,5608
Mike Disfarmer,5609,5609
Celeste Dupuy-Spencer,5610,5610
Mary Beth Edelson,5611,5611
Cécile B. Evans,5612,5612
FlucT,5613,5613
Jeffrey Gibson,5614,5614
Harmony Hammond,5615,5615
R. Heitmann,5616,5616
HIP Products,5617,5617
Carl Hoeckner,5618,5618
Hole in the Wall,5619,5619
John Houck,5620,5620
Houston Blacklight & Poster Dist. Co.,5621,5621
Salomón Huerta,5622,5622
Shara Hughes,5623,5623
Adelita Husni-Bey,5624,5624
Steffani Jemison,5625,5625
Sanya Kantarovsky,5626,5626
Si Lewen,5627,5627
Peter Moore,5628,5628
Carrie Moyer,5629,5629
Kay WalkingStick,5630,5630
Channa Horwitz,5631,5631
Clarissa Tossin,5632,5632
Meriem Bennani,5633,5633
Leo Valledor,5634,5634
Walter Zimmerman,5635,5635
Postcommodity,5636,5636
Guadalupe Maravilla,5637,5637
Simone Leigh,5638,5638
Naotaka Hiro,5639,5639
Ruth Orkin,5640,5640
Charles Dellschau,5641,5641
Mariah Robertson,5642,5642
Artie Vierkant,5643,5643
Park McArthur,5644,5644
Lynn Hershman Leeson,5645,5645
José Lerma,5646,5646
Anita Steckel,5647,5647
Dan Asher,5648,5648
Bjarne Melgaard,5649,5649
David Benjamin Sherry,5650,5650
"Lily Jue Sheng, Mike Sidnam, Antonia Kuo",5651,5651
Jacky Connolly,5652,5652
Robin Graubard,5653,5653
Kwame Brathwaite,5654,5654
Ronny Quevedo,5655,5655
Nina Chanel Abney,5656,5656
Diamond Stingily,5657,5657
Kurt Kauper,5658,5658
Barbara Hammer,5659,5659
Mary Weatherford,5660,5660
G. Peter Jemison,5661,5661
Ilona Granet,5662,5662
Chemi Rosado-Seijo,5663,5663
Susan Kaprov,5664,5664
Anne Healy,5665,5665
Clover Vail,5666,5666
Daria Dorosh,5667,5667
Kazuko,5668,5668
Laurace James,5669,5669
Loretta Dunkelman,5670,5670
Louise Kramer,5671,5671
Mary Grigoriadis,5672,5672
Maude Boltz,5673,5673
Pat Lasch,5674,5674
Patsy Norvell,5675,5675
Rachel bas-Cohain,5676,5676
Teresita Fernández,5677,5677
Carolina Caycedo,5678,5678
Christine Sun Kim,5679,5679
"Eva Mattes, Franco Mattes",5680,5680
Willa Nasatir,5681,5681
Lena Henke,5682,5682
Deborah Roberts,5683,5683
Jean Conner,5684,5684
Mira Dancy,5685,5685
Esther Bubley,5686,5686
Samara Golden,5687,5687
Alan Michelson,5688,5688
Ed Clark,5689,5689
Elaine Reichek,5690,5690
EJ Hill,5691,5691
Shan Goshorn,5692,5692
Ebecho Muslimova,5693,5693
Claudia Peña Salinas,5694,5694
Wendy Red Star,5695,5695
Donald Blumberg,5696,5696
Julia Phillips,5697,5697
Lorraine O'Grady,5698,5698
María Berrio,5699,5699
John Ahearn,5700,5700
Jennifer Packer,5701,5701
Livia Corona Benjamin,5702,5702
The Harrisons,5703,5703
Tony Cokes,5704,5704
"Alex Da Corte, Jayson Musson, Devonté Hynes",5705,5705
Christina Quarles,5706,5706
Kahlil Robert Irving,5707,5707
Emily Mae Smith,5708,5708
Derek Fordjour,5709,5709
Mika Tajima,5710,5710
Camille Henrot,5711,5711
Laura Aguilar,5712,5712
Tomashi Jackson,5713,5713
Manfred Mohr,5714,5714
Wallace & Donohue,5715,5715
Ralph Lemon,5716,5716
Ajay Kurian,5717,5717
Erin Jane Nelson,5718,5718
Jordan Nassar,5719,5719
Marina Zurkow,5720,5720
Sophie Rivera,5721,5721
Devin Kenny,5722,5722
Jonathan Lyndon Chase,5723,5723
Pati Hill,5724,5724
George Dunbar,5725,5725
ektor garcia,5726,5726
Ellen Lesperance,5727,5727
John Wilson,5728,5728
Arthur Leipzig,5729,5729
Thomas Eggerer,5730,5730
Jeff Mermelstein,5731,5731
Milton Wynne,5732,5732
Eugene Karlin,5733,5733
Phyllis Skolnick,5734,5734
Helen Maris,5735,5735
Kota Ezawa,5736,5736
Keegan Monaghan,5737,5737
Duncan Hannah,5738,5738
Ragen Moss,5739,5739
Forrest Myers,5740,5740
Peter Tomka,5741,5741
Tuan Andrew Nguyen,5742,5742
Ariel Goldberg,5743,5743
"Ariel Goldberg, Paul Mpagi Sepuya",5744,5744
"Paul Mpagi Sepuya, A.L. Steiner",5745,5745
Danielle Dean,5746,5746
Pat Phillips,5747,5747
Steve McQueen,5748,5748
Martine Syms,5749,5749
Janiva Ellis,5750,5750
Gertrude Abercrombie,5751,5751
Leah Modigliani,5752,5752
WangShui,5753,5753
Jason Moran,5754,5754
Jeremy Anderson,5755,5755
Marie Watt,5756,5756
Diane Simpson,5757,5757
Adger Cowans,5758,5758
Elizabeth Jaeger,5759,5759
rafa esparza,5760,5760
Maren Hassinger,5761,5761
Joseph Yoakum,5762,5762
Todd Gray,5763,5763
Beuford Smith,5764,5764
Anthony Barboza,5765,5765
Anni Albers,5766,5766
Jeanette Mundt,5767,5767
Iman Issa,5768,5768
Marcus Fischer,5769,5769
Ellie Ga,5770,5770
John Edmonds,5771,5771
Shawn Walker,5772,5772
Mavis Pusey,5773,5773
Herb Robinson,5774,5774
Margaret French,5775,5775
Gala Porras-Kim,5776,5776
Sofía Gallisá Muriente,5777,5777
Alexandra Bell,5778,5778
Curran Hatleberg,5779,5779
Patssi Valdez,5780,5780
Heji Shin,5781,5781
Stephanie Dinkins,5782,5782
"Zach Blas, Jemima Wyman",5783,5783
Frank Romero,5784,5784
Alex Da Corte,5785,5785
Madeline Hollander,5786,5786
Herbert Randall,5787,5787
Matthew Angelo Harrison,5788,5788
Rick Lowe,5789,5789
Hazel Larsen Archer,5790,5790
Maia Ruth Lee,5791,5791
Salman Toor,5792,5792
Harold Mendez,5793,5793
Eric N. Mack,5794,5794
"Mary Reid Kelley, Patrick Kelley",5795,5795
Masami Teraoka,5796,5796
Ron Nagle,5797,5797
"Mika Tajima, New Humans",5798,5798
Joel Otterson,5799,5799
Shusaku Arakawa,5800,5800
Nicolás Guagnini,5801,5801
Elle Pérez,5802,5802
Carissa Rodriguez,5803,5803
Ken Feingold,5804,5804
Tamiko Thiel,5805,5805
Kenny Rivero,5806,5806
Todd Webb,5807,5807
D'Angelo Lovell Williams,5808,5808
Jana Vander Lee,5809,5809
Sondra Perry,5810,5810
Katherine Hubbard,5811,5811
Adele Watson,5812,5812
Amy Sherald,5813,5813
Aria Dean,5814,5814
Aaron Gilbert,5815,5815
Diedrick Brackens,5816,5816
Leigh Ledare,5817,5817
Noah Davis,5818,5818
Wadsworth Jarrell,5819,5819
Tabboo!,5820,5820
Sonya Kelliher-Combs,5821,5821
Muriel Hasbun,5822,5822
Nick Cave,5823,5823
Elisabeth Kley,5824,5824
Bendor Mark,5825,5825
Louis Fratino,5826,5826
Claudia Hart,5827,5827
Troy Michie,5828,5828
Nicole Soto Rodríguez,5829,5829
Alfredo Ramos Martínez,5830,5830
Freddy Rodríguez,5831,5831
Rodrigo Valenzuela,5832,5832
Andrea Carlson,5833,5833
Martine Gutierrez,5834,5834
Cyprien Gaillard,5835,5835
Ebony G. Patterson,5836,5836